Identical match,Linear A word,Original_Word,Source,Linear A fonts
D,DA,AD,HT86a,DA
D,DA,AD,Wa 1031,DA
D,DA,ADA,HT86a,DA
D,DA,ADA,Wa 1031,DA
D,DA,DA,HT86a,DA
D,DA,DA,Wa 1031,DA
D,DA,Da,HT86a,DA
D,DA,Da,Wa 1031,DA
D,DA,Daa,HT86a,DA
D,DA,Daa,Wa 1031,DA
D,DA,Dai,HT86a,DA
D,DA,Dai,Wa 1031,DA
D,DA,De,HT86a,DA
D,DA,De,Wa 1031,DA
D,DA,aAD,HT86a,DA
D,DA,aAD,Wa 1031,DA
D,DA,aD,HT86a,DA
D,DA,aD,Wa 1031,DA
D,DA,aDA,HT86a,DA
D,DA,aDA,Wa 1031,DA
D,DA,aDa,HT86a,DA
D,DA,aDa,Wa 1031,DA
D,DA,aDi,HT86a,DA
D,DA,aDi,Wa 1031,DA
D,DI,AD,HT85b,DI
D,DI,ADA,HT85b,DI
D,DI,DA,HT85b,DI
D,DI,Da,HT85b,DI
D,DI,Daa,HT85b,DI
D,DI,Dai,HT85b,DI
D,DI,De,HT85b,DI
D,DI,aAD,HT85b,DI
D,DI,aD,HT85b,DI
D,DI,aDA,HT85b,DI
D,DI,aDa,HT85b,DI
D,DI,aDi,HT85b,DI
DD,DI-DI,DADA,ZA026a,DI-DI
DD,DI-DI,DADa,ZA026a,DI-DI
DD,DI-DI,DaD,ZA026a,DI-DI
DD,DI-DI,DaDa,ZA026a,DI-DI
DD,DI-DI,DeD,ZA026a,DI-DI
DD,DI-DI,DiD,ZA026a,DI-DI
DD,DI-DI,aDaD,ZA026a,DI-DI
Dd,DI-DI,DAd,ZA026a,DI-DI
Dd,DI-DI,Dad,ZA026a,DI-DI
Dd,DI-DI,Ded,ZA026a,DI-DI
Dd,DI-DI,DedA,ZA026a,DI-DI
Dd,DI-DI,aDd,ZA026a,DI-DI
Dd,DI-DI,iDed,ZA026a,DI-DI
Ddm,DU-DA-MA,Dedem,HT6B,DU-DA-MA
Ddmt,DA-DU-MA-TA,Dedemt,HT95a,DA-DU-MA-TA
Dk,DA-KA,Daka,Wa 1001-1005,DA-KA
Dk,DA-KI,Daka,HT6B,DA-KI
Dk,]-DU-KA-[,Daka,MI 2,]-DU-KA-[
Dm,DA-ME,DAm,HT95a,DA-ME
Dm,DA-ME,DAm,HT95b,DA-ME
Dm,DA-ME,DAma,HT95a,DA-ME
Dm,DA-ME,DAma,HT95b,DA-ME
Dm,DA-ME,DAmaa,HT95a,DA-ME
Dm,DA-ME,DAmaa,HT95b,DA-ME
Dm,DA-ME,Daam,HT95a,DA-ME
Dm,DA-ME,Daam,HT95b,DA-ME
Dm,DA-ME,Dam,HT95a,DA-ME
Dm,DA-ME,Dam,HT95b,DA-ME
Dm,DA-ME,Dem,HT95a,DA-ME
Dm,DA-ME,Dem,HT95b,DA-ME
Dmt,DA-MA-TE,Damti,KY ZA 2,DA-MA-TE
Dn,DE-NU,Dan,HT11B,DE-NU
Dn,DE-NU,Den,HT11B,DE-NU
Dn,DE-NU,Deni,HT11B,DE-NU
Dn,DE-NU,aDen,HT11B,DE-NU
Dnr,DI-NA-RO,DAnr,HT108,DI-NA-RO
Dnr,DI-NA-RO,Danr,HT108,DI-NA-RO
Dns,DA-NA-SI,Dens,HT126a,DA-NA-SI
Dr,DA-RE,DAr,HT10A,DA-RE
Dr,DA-RE,DAr,HT122b,DA-RE
Dr,DA-RE,DAr,HT7A,DA-RE
Dr,DA-RE,DAra,HT10A,DA-RE
Dr,DA-RE,DAra,HT122b,DA-RE
Dr,DA-RE,DAra,HT7A,DA-RE
Dr,DA-RE,DAraa,HT10A,DA-RE
Dr,DA-RE,DAraa,HT122b,DA-RE
Dr,DA-RE,DAraa,HT7A,DA-RE
Dr,DA-RE,Daar,HT10A,DA-RE
Dr,DA-RE,Daar,HT122b,DA-RE
Dr,DA-RE,Daar,HT7A,DA-RE
Dr,DA-RE,Dar,HT10A,DA-RE
Dr,DA-RE,Dar,HT122b,DA-RE
Dr,DA-RE,Dar,HT7A,DA-RE
Dr,DA-RE,DarA,HT10A,DA-RE
Dr,DA-RE,DarA,HT122b,DA-RE
Dr,DA-RE,DarA,HT7A,DA-RE
Dr,DA-RE,Dara,HT10A,DA-RE
Dr,DA-RE,Dara,HT122b,DA-RE
Dr,DA-RE,Dara,HT7A,DA-RE
Dr,DA-RE,Dari,HT10A,DA-RE
Dr,DA-RE,Dari,HT122b,DA-RE
Dr,DA-RE,Dari,HT7A,DA-RE
Dr,DA-RE,Der,HT10A,DA-RE
Dr,DA-RE,Der,HT122b,DA-RE
Dr,DA-RE,Der,HT7A,DA-RE
Dr,DA-RE,Dera,HT10A,DA-RE
Dr,DA-RE,Dera,HT122b,DA-RE
Dr,DA-RE,Dera,HT7A,DA-RE
Dr,DA-RE,Deri,HT10A,DA-RE
Dr,DA-RE,Deri,HT122b,DA-RE
Dr,DA-RE,Deri,HT7A,DA-RE
Dr,DA-RE,aADAr,HT10A,DA-RE
Dr,DA-RE,aADAr,HT122b,DA-RE
Dr,DA-RE,aADAr,HT7A,DA-RE
Dr,DA-RE,aDAr,HT10A,DA-RE
Dr,DA-RE,aDAr,HT122b,DA-RE
Dr,DA-RE,aDAr,HT7A,DA-RE
Dr,DU-RA,DAr,MA2a,DU-RA
Dr,DU-RA,DAra,MA2a,DU-RA
Dr,DU-RA,DAraa,MA2a,DU-RA
Dr,DU-RA,Daar,MA2a,DU-RA
Dr,DU-RA,Dar,MA2a,DU-RA
Dr,DU-RA,DarA,MA2a,DU-RA
Dr,DU-RA,Dara,MA2a,DU-RA
Dr,DU-RA,Dari,MA2a,DU-RA
Dr,DU-RA,Der,MA2a,DU-RA
Dr,DU-RA,Dera,MA2a,DU-RA
Dr,DU-RA,Deri,MA2a,DU-RA
Dr,DU-RA,aADAr,MA2a,DU-RA
Dr,DU-RA,aDAr,MA2a,DU-RA
Drd,DA-RI-DA,DArd,HT10A,DA-RI-DA
Drd,DA-RI-DA,DArd,HT85a,DA-RI-DA
Drd,DA-RI-DA,DArd,HT93a,DA-RI-DA
Drd,DA-RI-DA,Derd,HT10A,DA-RI-DA
Drd,DA-RI-DA,Derd,HT85a,DA-RI-DA
Drd,DA-RI-DA,Derd,HT93a,DA-RI-DA
Drt,DU-RI-TE,DArt,HT 4,DU-RI-TE
Drt,DU-RI-TE,Dart,HT 4,DU-RI-TE
Drt,DU-RI-TE,Derit,HT 4,DU-RI-TE
Drt,DU-RI-TE,Dert,HT 4,DU-RI-TE
Drt,DU-RI-TE,aADrt,HT 4,DU-RI-TE
Drw,DU-RU-WI,DArw,HT25A,DU-RU-WI
Drw,DU-RU-WI,Darw,HT25A,DU-RU-WI
Drw,DU-RU-WI,Deriw,HT25A,DU-RU-WI
Drw,DU-RU-WI,Derw,HT25A,DU-RU-WI
Ds,DA-SI,DAis,HT10B,DA-SI
Ds,DA-SI,DAis,HT122a,DA-SI
Ds,DA-SI,DAis,HT85a,DA-SI
Ds,DA-SI,DAs,HT10B,DA-SI
Ds,DA-SI,DAs,HT122a,DA-SI
Ds,DA-SI,DAs,HT85a,DA-SI
Ds,DA-SI,Des,HT10B,DA-SI
Ds,DA-SI,Des,HT122a,DA-SI
Ds,DA-SI,Des,HT85a,DA-SI
Dsrt,DA-SE-RA-TE,Desert,SY ZA 6,DA-SE-RA-TE
Dwn,DI-WE-NA,Dwn,HT93a,DI-WE-NA
Dy,DU-YA,DAy,HT7A,DU-YA
Dy,DU-YA,Day,HT7A,DU-YA
S,SA,AS,HT27b,SA
S,SA,ASA,HT27b,SA
S,SA,aS,HT27b,SA
S,SA,aSA,HT27b,SA
S,SA,aSa,HT27b,SA
S,SA,iAS,HT27b,SA
S,SA,iAaS,HT27b,SA
S,SA,iS,HT27b,SA
S,SA,iSa,HT27b,SA
S,SA,iaS,HT27b,SA
S,SI,AS,HT27b,SI
S,SI,AS,HT30,SI
S,SI,AS,Wa 1175-1266,SI
S,SI,AS,ZA009,SI
S,SI,ASA,HT27b,SI
S,SI,ASA,HT30,SI
S,SI,ASA,Wa 1175-1266,SI
S,SI,ASA,ZA009,SI
S,SI,aS,HT27b,SI
S,SI,aS,HT30,SI
S,SI,aS,Wa 1175-1266,SI
S,SI,aS,ZA009,SI
S,SI,aSA,HT27b,SI
S,SI,aSA,HT30,SI
S,SI,aSA,Wa 1175-1266,SI
S,SI,aSA,ZA009,SI
S,SI,aSa,HT27b,SI
S,SI,aSa,HT30,SI
S,SI,aSa,Wa 1175-1266,SI
S,SI,aSa,ZA009,SI
S,SI,iAS,HT27b,SI
S,SI,iAS,HT30,SI
S,SI,iAS,Wa 1175-1266,SI
S,SI,iAS,ZA009,SI
S,SI,iAaS,HT27b,SI
S,SI,iAaS,HT30,SI
S,SI,iAaS,Wa 1175-1266,SI
S,SI,iAaS,ZA009,SI
S,SI,iS,HT27b,SI
S,SI,iS,HT30,SI
S,SI,iS,Wa 1175-1266,SI
S,SI,iS,ZA009,SI
S,SI,iSa,HT27b,SI
S,SI,iSa,HT30,SI
S,SI,iSa,Wa 1175-1266,SI
S,SI,iSa,ZA009,SI
S,SI,iaS,HT27b,SI
S,SI,iaS,HT30,SI
S,SI,iaS,Wa 1175-1266,SI
S,SI,iaS,ZA009,SI
S,SI ,AS,PK ZA 10,SI 
S,SI ,ASA,PK ZA 10,SI 
S,SI ,aS,PK ZA 10,SI 
S,SI ,aSA,PK ZA 10,SI 
S,SI ,aSa,PK ZA 10,SI 
S,SI ,iAS,PK ZA 10,SI 
S,SI ,iAaS,PK ZA 10,SI 
S,SI ,iS,PK ZA 10,SI 
S,SI ,iSa,PK ZA 10,SI 
S,SI ,iaS,PK ZA 10,SI 
Sd,SA-DI,iSd,HT111b,SA-DI
Sd,SU-DU,iSd,HT40,SU-DU
Sm,SA-MA,aSem,HT10A,SA-MA
Sm,SA-MA,aSem,HT52,SA-MA
Sm,SA-MA,aSem,HT6B,SA-MA
Sm,SA-MA,aSem,ZA010b,SA-MA
Sm,SA-MA,iSem,HT10A,SA-MA
Sm,SA-MA,iSem,HT52,SA-MA
Sm,SA-MA,iSem,HT6B,SA-MA
Sm,SA-MA,iSem,ZA010b,SA-MA
Sm,SU+MI,aSem,KN28a & KN28b,SU+MI
Sm,SU+MI,iSem,KN28a & KN28b,SU+MI
Smt,SA-MA-TI,iSemt,HT39,SA-MA-TI
Smt,SI-MI-TA,iSemt,HT96a,SI-MI-TA
Sp,SU-PU,ASep,HT31,SU-PU
Sp,SU-PU,ASep,HT63,SU-PU
Sp,SU-PU,iSep,HT31,SU-PU
Sp,SU-PU,iSep,HT63,SU-PU
Sq,SI-QA,aASAq,HT130,SI-QA
Sr,SA-RA,ASer,HT100,SA-RA
Sr,SA-RA,ASer,HT102,SA-RA
Sr,SA-RA,ASer,HT105,SA-RA
Sr,SA-RA,ASer,HT114a,SA-RA
Sr,SA-RA,ASer,HT62,SA-RA
Sr,SA-RA,ASer,HT94a,SA-RA
Sr,SA-RA,ASer,HT99a,SA-RA
Sr,SA-RA,iSer,HT100,SA-RA
Sr,SA-RA,iSer,HT102,SA-RA
Sr,SA-RA,iSer,HT105,SA-RA
Sr,SA-RA,iSer,HT114a,SA-RA
Sr,SA-RA,iSer,HT62,SA-RA
Sr,SA-RA,iSer,HT94a,SA-RA
Sr,SA-RA,iSer,HT99a,SA-RA
Sr,SA-RO,ASer,HT17,SA-RO
Sr,SA-RO,ASer,HT19,SA-RO
Sr,SA-RO,ASer,HT40,SA-RO
Sr,SA-RO,ASer,HT9A,SA-RO
Sr,SA-RO,iSer,HT17,SA-RO
Sr,SA-RO,iSer,HT19,SA-RO
Sr,SA-RO,iSer,HT40,SA-RO
Sr,SA-RO,iSer,HT9A,SA-RO
Sr,SA-RU,ASer,HT86a,SA-RU
Sr,SA-RU,ASer,HT86b,SA-RU
Sr,SA-RU,ASer,HT94b,SA-RU
Sr,SA-RU,ASer,HT95a,SA-RU
Sr,SA-RU,ASer,HT95b,SA-RU
Sr,SA-RU,iSer,HT86a,SA-RU
Sr,SA-RU,iSer,HT86b,SA-RU
Sr,SA-RU,iSer,HT94b,SA-RU
Sr,SA-RU,iSer,HT95a,SA-RU
Sr,SA-RU,iSer,HT95b,SA-RU
Sr,SA-RYA,ASer,HT32,SA-RYA
Sr,SA-RYA,ASer,HT33,SA-RYA
Sr,SA-RYA,ASer,HT34,SA-RYA
Sr,SA-RYA,iSer,HT32,SA-RYA
Sr,SA-RYA,iSer,HT33,SA-RYA
Sr,SA-RYA,iSer,HT34,SA-RYA
Sr,SI-RU,ASer,HT55a,SI-RU
Sr,SI-RU,ASer,IO ZA 15,SI-RU
Sr,SI-RU,ASer,PK ZA 10,SI-RU
Sr,SI-RU,iSer,HT55a,SI-RU
Sr,SI-RU,iSer,IO ZA 15,SI-RU
Sr,SI-RU,iSer,PK ZA 10,SI-RU
Sr,SI-RU ,ASer,TR ZA 1,SI-RU 
Sr,SI-RU ,iSer,TR ZA 1,SI-RU 
Sr,SU-RE,ASer,HT32,SU-RE
Sr,SU-RE,iSer,HT32,SU-RE
Srt,I-PI-NA-MA,ASert,IO ZA 2,I-PI-NA-MA
Srt,SI-RU-TE,ASert,IO Za 2,SI-RU-TE
St,SI-TU,ASt,ZA020,SI-TU
St,SI-TU,aSAt,ZA020,SI-TU
St,SI-TU,aSat,ZA020,SI-TU
St,SI-TU,iASAti,ZA020,SI-TU
St,SI-TU,iASt,ZA020,SI-TU
St,SI-TU,iSat,ZA020,SI-TU
St,SI-TU,iSt,ZA020,SI-TU
St,SI-TU,iSti,ZA020,SI-TU
Stt,SI-TE-TU,iStt,ZA020,SI-TE-TU
T,TE,AT,HT52,TE
T,TE,AT,HT55a,TE
T,TE,AT,HT62,TE
T,TE,AT,HT63,TE
T,TE,AT,PH Wg 36,TE
T,TE,AT,PH12c,TE
T,TE,AT,Wa 1122-1130,TE
T,TE,iAT,HT52,TE
T,TE,iAT,HT55a,TE
T,TE,iAT,HT62,TE
T,TE,iAT,HT63,TE
T,TE,iAT,PH Wg 36,TE
T,TE,iAT,PH12c,TE
T,TE,iAT,Wa 1122-1130,TE
T,TE,iT,HT52,TE
T,TE,iT,HT55a,TE
T,TE,iT,HT62,TE
T,TE,iT,HT63,TE
T,TE,iT,PH Wg 36,TE
T,TE,iT,PH12c,TE
T,TE,iT,Wa 1122-1130,TE
T,TE ,AT,HT92,TE 
T,TE ,AT,PK ZA 18,TE 
T,TE ,iAT,HT92,TE 
T,TE ,iAT,PK ZA 18,TE 
T,TE ,iT,HT92,TE 
T,TE ,iT,PK ZA 18,TE 
T,TI,AT,MA1c,TI
T,TI,iAT,MA1c,TI
T,TI,iT,MA1c,TI
T,TU,AT,KH 91,TU
T,TU,iAT,KH 91,TU
T,TU,iT,KH 91,TU
T,]-TI-[,AT,PYR 2,]-TI-[
T,]-TI-[,iAT,PYR 2,]-TI-[
T,]-TI-[,iT,PYR 2,]-TI-[
TT,TA-TA,iTT,KH007a,TA-TA
TT,TA-TI,iTT,HT26A,TA-TI
TT,TE-TU,iTT,HT13,TE-TU
TT,TE-TU,iTT,HT7A,TE-TU
TTt,TA-TI-TE,iTTt,PK1,TA-TI-TE
Tn,TA-NE,iATen,HT135b,TA-NE
Tn,TA-NE,iTen,HT135b,TA-NE
Tn,TA-NI,iATen,HT97a,TA-NI
Tn,TA-NI,iTen,HT97a,TA-NI
Tn,TE-NI,iATen,HT6A,TE-NI
Tn,TE-NI,iTen,HT6A,TE-NI
Tn,TU-NE,iATen,HT87,TU-NE
Tn,TU-NE,iTen,HT87,TU-NE
Tp,TA-PA,ATp,HT104,TA-PA
Tp,TU-PA,ATp,HT112a,TU-PA
Tr,TA-RA,iTer,HT89,TA-RA
Tr,TE-RI,iTer,PH31b,TE-RI
Ts,TI-SA,iTes,HT31,TI-SA
Ts,TO-SA,iTes,PK ZA 16,TO-SA
Ts,TU-SU,iTes,PK1,TU-SU
Tt,TA-TA,ATt,KH007a,TA-TA
Tt,TA-TI,ATt,HT26A,TA-TI
Tt,TE-TU,ATt,HT13,TE-TU
Tt,TE-TU,ATt,HT7A,TE-TU
Tw,TE-WE,ATw,HT91,TE-WE
Tw,TE-WE,iATw,HT91,TE-WE
d,DA,Ad,HT86a,DA
d,DA,Ad,Wa 1031,DA
d,DA,AdA,HT86a,DA
d,DA,AdA,Wa 1031,DA
d,DA,aAd,HT86a,DA
d,DA,aAd,Wa 1031,DA
d,DA,ad,HT86a,DA
d,DA,ad,Wa 1031,DA
d,DA,adA,HT86a,DA
d,DA,adA,Wa 1031,DA
d,DA,iAd,HT86a,DA
d,DA,iAd,Wa 1031,DA
d,DA,id,HT86a,DA
d,DA,id,Wa 1031,DA
d,DI,Ad,HT85b,DI
d,DI,AdA,HT85b,DI
d,DI,aAd,HT85b,DI
d,DI,ad,HT85b,DI
d,DI,adA,HT85b,DI
d,DI,iAd,HT85b,DI
d,DI,id,HT85b,DI
dS,DA-SI,idS,HT10B,DA-SI
dS,DA-SI,idS,HT122a,DA-SI
dS,DA-SI,idS,HT85a,DA-SI
dd,DI-DI,adad,ZA026a,DI-DI
dn,DE-NU,aAdnA,HT11B,DE-NU
dn,DE-NU,aden,HT11B,DE-NU
dn,DE-NU,iAdn,HT11B,DE-NU
dn,DE-NU,iden,HT11B,DE-NU
dr,DA-RE,ider,HT10A,DA-RE
dr,DA-RE,ider,HT122b,DA-RE
dr,DA-RE,ider,HT7A,DA-RE
dr,DU-RA,ider,MA2a,DU-RA
dy,DU-YA,Ady,HT7A,DU-YA
dy,DU-YA,aAdy,HT7A,DU-YA
dy,DU-YA,ady,HT7A,DU-YA
dy,DU-YA,iAdy,HT7A,DU-YA
dy,DU-YA,idy,HT7A,DU-YA
k,KA,Ak,HT85b,KA
k,KA,Ak,Wa 1337-1470,KA
k,KA,akA,HT85b,KA
k,KA,akA,Wa 1337-1470,KA
k,KA,iAk,HT85b,KA
k,KA,iAk,Wa 1337-1470,KA
k,KA,iAkA,HT85b,KA
k,KA,iAkA,Wa 1337-1470,KA
k,KA,ik,HT85b,KA
k,KA,ik,Wa 1337-1470,KA
k,KA,iki,HT85b,KA
k,KA,iki,Wa 1337-1470,KA
k,KA,ka,HT85b,KA
k,KA,ka,Wa 1337-1470,KA
k,KA,kaa,HT85b,KA
k,KA,kaa,Wa 1337-1470,KA
k,KA,kai,HT85b,KA
k,KA,kai,Wa 1337-1470,KA
k,KA,ki,HT85b,KA
k,KA,ki,Wa 1337-1470,KA
k,KA,kia,HT85b,KA
k,KA,kia,Wa 1337-1470,KA
k,KA ,Ak,KN Wc 25,KA 
k,KA ,akA,KN Wc 25,KA 
k,KA ,iAk,KN Wc 25,KA 
k,KA ,iAkA,KN Wc 25,KA 
k,KA ,ik,KN Wc 25,KA 
k,KA ,iki,KN Wc 25,KA 
k,KA ,ka,KN Wc 25,KA 
k,KA ,kaa,KN Wc 25,KA 
k,KA ,kai,KN Wc 25,KA 
k,KA ,ki,KN Wc 25,KA 
k,KA ,kia,KN Wc 25,KA 
k,KU,Ak,Wa 1486-1620,KU
k,KU,akA,Wa 1486-1620,KU
k,KU,iAk,Wa 1486-1620,KU
k,KU,iAkA,Wa 1486-1620,KU
k,KU,ik,Wa 1486-1620,KU
k,KU,iki,Wa 1486-1620,KU
k,KU,ka,Wa 1486-1620,KU
k,KU,kaa,Wa 1486-1620,KU
k,KU,kai,Wa 1486-1620,KU
k,KU,ki,Wa 1486-1620,KU
k,KU,kia,Wa 1486-1620,KU
k,]-KA-[,Ak,MI 2,]-KA-[
k,]-KA-[,akA,MI 2,]-KA-[
k,]-KA-[,iAk,MI 2,]-KA-[
k,]-KA-[,iAkA,MI 2,]-KA-[
k,]-KA-[,ik,MI 2,]-KA-[
k,]-KA-[,iki,MI 2,]-KA-[
k,]-KA-[,ka,MI 2,]-KA-[
k,]-KA-[,kaa,MI 2,]-KA-[
k,]-KA-[,kai,MI 2,]-KA-[
k,]-KA-[,ki,MI 2,]-KA-[
k,]-KA-[,kia,MI 2,]-KA-[
kD,KA-DI,kaDa,ZA004a,KA-DI
kD,KA-DI,kaDa,ZA015b,KA-DI
kD,KI-DA,kaDa,HT27A,KI-DA
kD,KU-DA,kaDa,HT122a,KU-DA
kDn,KI-DI-NI,kaDen,HT93a,KI-DI-NI
kS,KA-SA,kaS,KE1,KA-SA
kS,KA-SA,kaSi,KE1,KA-SA
kS,KA-SA,kiS,KE1,KA-SA
kSt,KI-SI-TA,kaSit,HT85b,KI-SI-TA
kT,KA-TI,kaT,HT63,KA-TI
kT,KA-TI,kaTa,HT63,KA-TI
kT,KA-TI,kiT,HT63,KA-TI
kT,KU-TA,kaT,HT115b,KU-TA
kT,KU-TA,kaTa,HT115b,KU-TA
kT,KU-TA,kiT,HT115b,KU-TA
kk,KA-KI,ikk,HT37,KA-KI
kk,KA-KI,ikki,HT37,KA-KI
kk,KA-KI,kaka,HT37,KA-KI
kk,KA-KU,ikk,HT62,KA-KU
kk,KA-KU,ikki,HT62,KA-KU
kk,KA-KU,kaka,HT62,KA-KU
kmn,KU-MI-NA,kamen,Wc 3014a,KU-MI-NA
kmt,KU-MU-TA,kamit,HT51b,KU-MU-TA
kmt,KU-MU-TA,kamt,HT51b,KU-MU-TA
kmt,KU-MU-TA,kamti,HT51b,KU-MU-TA
kn,KA-NA,iken,HT23A,KA-NA
kn,KA-NA,kani,HT23A,KA-NA
knt,KA-NU-TI,ikent,HT97a,KA-NU-TI
knt,KI-NI-TA,ikent,HT27A,KI-NI-TA
kp,KA-PA,ikep,HT102,KA-PA
kp,KA-PA,ikep,HT105,KA-PA
kp,KA-PA,ikep,HT140,KA-PA
kp,KA-PA,ikep,HT6A,KA-PA
kp,KA-PA,ikep,HT8B,KA-PA
kp,KA-PA,ikep,HT94a,KA-PA
kp,KA-PA,kap,HT102,KA-PA
kp,KA-PA,kap,HT105,KA-PA
kp,KA-PA,kap,HT140,KA-PA
kp,KA-PA,kap,HT6A,KA-PA
kp,KA-PA,kap,HT8B,KA-PA
kp,KA-PA,kap,HT94a,KA-PA
kp,KA-PA,kapu,HT102,KA-PA
kp,KA-PA,kapu,HT105,KA-PA
kp,KA-PA,kapu,HT140,KA-PA
kp,KA-PA,kapu,HT6A,KA-PA
kp,KA-PA,kapu,HT8B,KA-PA
kp,KA-PA,kapu,HT94a,KA-PA
kp,KA-PA,kep,HT102,KA-PA
kp,KA-PA,kep,HT105,KA-PA
kp,KA-PA,kep,HT140,KA-PA
kp,KA-PA,kep,HT6A,KA-PA
kp,KA-PA,kep,HT8B,KA-PA
kp,KA-PA,kep,HT94a,KA-PA
kp,KU-PA,ikep,HT110a,KU-PA
kp,KU-PA,ikep,ZA011a,KU-PA
kp,KU-PA,kap,HT110a,KU-PA
kp,KU-PA,kap,ZA011a,KU-PA
kp,KU-PA,kapu,HT110a,KU-PA
kp,KU-PA,kapu,ZA011a,KU-PA
kp,KU-PA,kep,HT110a,KU-PA
kp,KU-PA,kep,ZA011a,KU-PA
kp,KU-PI,ikep,ZA014,KU-PI
kp,KU-PI,kap,ZA014,KU-PI
kp,KU-PI,kapu,ZA014,KU-PI
kp,KU-PI,kep,ZA014,KU-PI
kpy,KU-PA-YA,kepy,HT116a,KU-PA-YA
kr,KA-RU,akr,HT75,KA-RU
kr,KA-RU,akr,HT97a,KA-RU
kr,KA-RU,kar,HT75,KA-RU
kr,KA-RU,kar,HT97a,KA-RU
kr,KA-RU,kare,HT75,KA-RU
kr,KA-RU,kare,HT97a,KA-RU
kr,KA-RU,kari,HT75,KA-RU
kr,KA-RU,kari,HT97a,KA-RU
kr,KI-RA,akr,HT103,KI-RA
kr,KI-RA,akr,ZA008,KI-RA
kr,KI-RA,kar,HT103,KI-RA
kr,KI-RA,kar,ZA008,KI-RA
kr,KI-RA,kare,HT103,KI-RA
kr,KI-RA,kare,ZA008,KI-RA
kr,KI-RA,kari,HT103,KI-RA
kr,KI-RA,kari,ZA008,KI-RA
kr,KI-RO,akr,HT 1,KI-RO
kr,KI-RO,akr,HT117a,KI-RO
kr,KI-RO,akr,HT123a,KI-RO
kr,KI-RO,akr,HT123b,KI-RO
kr,KI-RO,akr,HT15,KI-RO
kr,KI-RO,akr,HT34,KI-RO
kr,KI-RO,akr,HT55a,KI-RO
kr,KI-RO,akr,HT93b,KI-RO
kr,KI-RO,akr,HT94b,KI-RO
kr,KI-RO,kar,HT 1,KI-RO
kr,KI-RO,kar,HT117a,KI-RO
kr,KI-RO,kar,HT123a,KI-RO
kr,KI-RO,kar,HT123b,KI-RO
kr,KI-RO,kar,HT15,KI-RO
kr,KI-RO,kar,HT34,KI-RO
kr,KI-RO,kar,HT55a,KI-RO
kr,KI-RO,kar,HT93b,KI-RO
kr,KI-RO,kar,HT94b,KI-RO
kr,KI-RO,kare,HT 1,KI-RO
kr,KI-RO,kare,HT117a,KI-RO
kr,KI-RO,kare,HT123a,KI-RO
kr,KI-RO,kare,HT123b,KI-RO
kr,KI-RO,kare,HT15,KI-RO
kr,KI-RO,kare,HT34,KI-RO
kr,KI-RO,kare,HT55a,KI-RO
kr,KI-RO,kare,HT93b,KI-RO
kr,KI-RO,kare,HT94b,KI-RO
kr,KI-RO,kari,HT 1,KI-RO
kr,KI-RO,kari,HT117a,KI-RO
kr,KI-RO,kari,HT123a,KI-RO
kr,KI-RO,kari,HT123b,KI-RO
kr,KI-RO,kari,HT15,KI-RO
kr,KI-RO,kari,HT34,KI-RO
kr,KI-RO,kari,HT55a,KI-RO
kr,KI-RO,kari,HT93b,KI-RO
kr,KI-RO,kari,HT94b,KI-RO
kr,KO-RU,akr,HT23A,KO-RU
kr,KO-RU,kar,HT23A,KO-RU
kr,KO-RU,kare,HT23A,KO-RU
kr,KO-RU,kari,HT23A,KO-RU
kr,KU-RA,akr,ZA020,KU-RA
kr,KU-RA,kar,ZA020,KU-RA
kr,KU-RA,kare,ZA020,KU-RA
kr,KU-RA,kari,ZA020,KU-RA
kr,KU-RO,akr,HT100,KU-RO
kr,KU-RO,akr,HT102,KU-RO
kr,KU-RO,akr,HT104,KU-RO
kr,KU-RO,akr,HT109,KU-RO
kr,KU-RO,akr,HT110a,KU-RO
kr,KU-RO,akr,HT116b,KU-RO
kr,KU-RO,akr,HT117a,KU-RO
kr,KU-RO,akr,HT118,KU-RO
kr,KU-RO,akr,HT119,KU-RO
kr,KU-RO,akr,HT11A,KU-RO
kr,KU-RO,akr,HT11B,KU-RO
kr,KU-RO,akr,HT122a,KU-RO
kr,KU-RO,akr,HT122b,KU-RO
kr,KU-RO,akr,HT123a,KU-RO
kr,KU-RO,akr,HT123b,KU-RO
kr,KU-RO,akr,HT127b,KU-RO
kr,KU-RO,akr,HT13,KU-RO
kr,KU-RO,akr,HT130,KU-RO
kr,KU-RO,akr,HT27A,KU-RO
kr,KU-RO,akr,HT39,KU-RO
kr,KU-RO,akr,HT53b,KU-RO
kr,KU-RO,akr,HT67,KU-RO
kr,KU-RO,akr,HT74,KU-RO
kr,KU-RO,akr,HT88,KU-RO
kr,KU-RO,akr,HT89,KU-RO
kr,KU-RO,akr,HT94a,KU-RO
kr,KU-RO,akr,HT94b,KU-RO
kr,KU-RO,akr,HT9A,KU-RO
kr,KU-RO,akr,HT9B,KU-RO
kr,KU-RO,akr,Ht46a,KU-RO
kr,KU-RO,akr,PH31a,KU-RO
kr,KU-RO,akr,ZA015b,KU-RO
kr,KU-RO,kar,HT100,KU-RO
kr,KU-RO,kar,HT102,KU-RO
kr,KU-RO,kar,HT104,KU-RO
kr,KU-RO,kar,HT109,KU-RO
kr,KU-RO,kar,HT110a,KU-RO
kr,KU-RO,kar,HT116b,KU-RO
kr,KU-RO,kar,HT117a,KU-RO
kr,KU-RO,kar,HT118,KU-RO
kr,KU-RO,kar,HT119,KU-RO
kr,KU-RO,kar,HT11A,KU-RO
kr,KU-RO,kar,HT11B,KU-RO
kr,KU-RO,kar,HT122a,KU-RO
kr,KU-RO,kar,HT122b,KU-RO
kr,KU-RO,kar,HT123a,KU-RO
kr,KU-RO,kar,HT123b,KU-RO
kr,KU-RO,kar,HT127b,KU-RO
kr,KU-RO,kar,HT13,KU-RO
kr,KU-RO,kar,HT130,KU-RO
kr,KU-RO,kar,HT27A,KU-RO
kr,KU-RO,kar,HT39,KU-RO
kr,KU-RO,kar,HT53b,KU-RO
kr,KU-RO,kar,HT67,KU-RO
kr,KU-RO,kar,HT74,KU-RO
kr,KU-RO,kar,HT88,KU-RO
kr,KU-RO,kar,HT89,KU-RO
kr,KU-RO,kar,HT94a,KU-RO
kr,KU-RO,kar,HT94b,KU-RO
kr,KU-RO,kar,HT9A,KU-RO
kr,KU-RO,kar,HT9B,KU-RO
kr,KU-RO,kar,Ht46a,KU-RO
kr,KU-RO,kar,PH31a,KU-RO
kr,KU-RO,kar,ZA015b,KU-RO
kr,KU-RO,kare,HT100,KU-RO
kr,KU-RO,kare,HT102,KU-RO
kr,KU-RO,kare,HT104,KU-RO
kr,KU-RO,kare,HT109,KU-RO
kr,KU-RO,kare,HT110a,KU-RO
kr,KU-RO,kare,HT116b,KU-RO
kr,KU-RO,kare,HT117a,KU-RO
kr,KU-RO,kare,HT118,KU-RO
kr,KU-RO,kare,HT119,KU-RO
kr,KU-RO,kare,HT11A,KU-RO
kr,KU-RO,kare,HT11B,KU-RO
kr,KU-RO,kare,HT122a,KU-RO
kr,KU-RO,kare,HT122b,KU-RO
kr,KU-RO,kare,HT123a,KU-RO
kr,KU-RO,kare,HT123b,KU-RO
kr,KU-RO,kare,HT127b,KU-RO
kr,KU-RO,kare,HT13,KU-RO
kr,KU-RO,kare,HT130,KU-RO
kr,KU-RO,kare,HT27A,KU-RO
kr,KU-RO,kare,HT39,KU-RO
kr,KU-RO,kare,HT53b,KU-RO
kr,KU-RO,kare,HT67,KU-RO
kr,KU-RO,kare,HT74,KU-RO
kr,KU-RO,kare,HT88,KU-RO
kr,KU-RO,kare,HT89,KU-RO
kr,KU-RO,kare,HT94a,KU-RO
kr,KU-RO,kare,HT94b,KU-RO
kr,KU-RO,kare,HT9A,KU-RO
kr,KU-RO,kare,HT9B,KU-RO
kr,KU-RO,kare,Ht46a,KU-RO
kr,KU-RO,kare,PH31a,KU-RO
kr,KU-RO,kare,ZA015b,KU-RO
kr,KU-RO,kari,HT100,KU-RO
kr,KU-RO,kari,HT102,KU-RO
kr,KU-RO,kari,HT104,KU-RO
kr,KU-RO,kari,HT109,KU-RO
kr,KU-RO,kari,HT110a,KU-RO
kr,KU-RO,kari,HT116b,KU-RO
kr,KU-RO,kari,HT117a,KU-RO
kr,KU-RO,kari,HT118,KU-RO
kr,KU-RO,kari,HT119,KU-RO
kr,KU-RO,kari,HT11A,KU-RO
kr,KU-RO,kari,HT11B,KU-RO
kr,KU-RO,kari,HT122a,KU-RO
kr,KU-RO,kari,HT122b,KU-RO
kr,KU-RO,kari,HT123a,KU-RO
kr,KU-RO,kari,HT123b,KU-RO
kr,KU-RO,kari,HT127b,KU-RO
kr,KU-RO,kari,HT13,KU-RO
kr,KU-RO,kari,HT130,KU-RO
kr,KU-RO,kari,HT27A,KU-RO
kr,KU-RO,kari,HT39,KU-RO
kr,KU-RO,kari,HT53b,KU-RO
kr,KU-RO,kari,HT67,KU-RO
kr,KU-RO,kari,HT74,KU-RO
kr,KU-RO,kari,HT88,KU-RO
kr,KU-RO,kari,HT89,KU-RO
kr,KU-RO,kari,HT94a,KU-RO
kr,KU-RO,kari,HT94b,KU-RO
kr,KU-RO,kari,HT9A,KU-RO
kr,KU-RO,kari,HT9B,KU-RO
kr,KU-RO,kari,Ht46a,KU-RO
kr,KU-RO,kari,PH31a,KU-RO
kr,KU-RO,kari,ZA015b,KU-RO
krS,KI-RA-SI,karSa,TY3b,KI-RA-SI
krT,KI-RI-TA,karTa,HT114a,KI-RI-TA
krT,KI-RI-TA,karTa,HT121,KI-RI-TA
krm,KU-RU-MA,karm,HT115b,KU-RU-MA
krr,KA-RE-RO,karr,Wc 3003,KA-RE-RO
krs,KI-RA-SI,karsa,TY3b,KI-RA-SI
krt,KI-RI-TA,karit,HT114a,KI-RI-TA
krt,KI-RI-TA,karit,HT121,KI-RI-TA
kry,KU-RE-YU,kairy,HT117b,KU-RE-YU
kry,KU-RE-YU,kary,HT117b,KU-RE-YU
kry,KU-RE-YU,kiry,HT117b,KU-RE-YU
kt,KA-TI,ikAt,HT63,KA-TI
kt,KA-TI,ikt,HT63,KA-TI
kt,KA-TI,kait,HT63,KA-TI
kt,KA-TI,kat,HT63,KA-TI
kt,KA-TI,kati,HT63,KA-TI
kt,KA-TI,keti,HT63,KA-TI
kt,KA-TI,kit,HT63,KA-TI
kt,KU-TA,ikAt,HT115b,KU-TA
kt,KU-TA,ikt,HT115b,KU-TA
kt,KU-TA,kait,HT115b,KU-TA
kt,KU-TA,kat,HT115b,KU-TA
kt,KU-TA,kati,HT115b,KU-TA
kt,KU-TA,keti,HT115b,KU-TA
kt,KU-TA,kit,HT115b,KU-TA
kw,KU+WA,ikw,HT38,KU+WA
kw,KU+WA,kaaw,HT38,KU+WA
kw,KU+WA,kaiw,HT38,KU+WA
kw,KU+WA,kaw,HT38,KU+WA
kw,KU+WA,kawi,HT38,KU+WA
kw,KU+WA,kiw,HT38,KU+WA
kw,KU+WA,kwi,HT38,KU+WA
ky,KA-YU,akAy,HT88,KA-YU
mT,MI-TU,amT,HT117a,MI-TU
mT,MI-TU,amT,HT135a,MI-TU
md,MA-DI,amd,HT 3,MA-DI
md,MA-DI,amd,HT85b,MA-DI
md,MA-DI,amd,HT97a,MA-DI
md,MA-DI,amd,PH31a,MA-DI
mk,MI-KA,imk,HT135a,MI-KA
mm,MA+MA,Amm,PH3a,MA+MA
mm,MA+MA,amAm,PH3a,MA+MA
mm,MA+MA,amam,PH3a,MA+MA
mm,MA+MA,amm,PH3a,MA+MA
mm,MA+MA,iAmiAm,PH3a,MA+MA
mm,MA+MA,imAm,PH3a,MA+MA
mm,MA+MA,imm,PH3a,MA+MA
mm,MA+MA,immA,PH3a,MA+MA
mn,]-MI-NA-[,amAn,KH 79 + 89,]-MI-NA-[
mn,]-MI-NA-[,imen,KH 79 + 89,]-MI-NA-[
mn,]-MI-NA-[,imena,KH 79 + 89,]-MI-NA-[
mnt,MI-NU-TE,iment,HT106,MI-NU-TE
mnt,MI-NU-TE,iment,HT86a,MI-NU-TE
mnt,MI-NU-TE,iment,HT95a,MI-NU-TE
mnt,MI-NU-TE,iment,HT95b,MI-NU-TE
mnt,MI-NU-TE,imenti,HT106,MI-NU-TE
mnt,MI-NU-TE,imenti,HT86a,MI-NU-TE
mnt,MI-NU-TE,imenti,HT95a,MI-NU-TE
mnt,MI-NU-TE,imenti,HT95b,MI-NU-TE
mq,MA-QA,aAmaq,HT6A,MA-QA
mr,MA-RE,imer,HT55a,MA-RE
mr,MA-RE,imir,HT55a,MA-RE
mr,MA-RI,imer,HT128a,MA-RI
mr,MA-RI,imir,HT128a,MA-RI
mr,MA-RU,imer,HT117a,MA-RU
mr,MA-RU,imir,HT117a,MA-RU
mr,MU-RU,imer,HT 3,MU-RU
mr,MU-RU,imir,HT 3,MU-RU
ms,MA-SI,ames,HT 5,MA-SI
ms,MA-SI,imes,HT 5,MA-SI
ms,MA-SI,ims,HT 5,MA-SI
mt,MI-TU,Amat,HT117a,MI-TU
mt,MI-TU,Amat,HT135a,MI-TU
mt,MI-TU,Amit,HT117a,MI-TU
mt,MI-TU,Amit,HT135a,MI-TU
mt,MI-TU,amAt,HT117a,MI-TU
mt,MI-TU,amAt,HT135a,MI-TU
mt,MI-TU,amaAt,HT117a,MI-TU
mt,MI-TU,amaAt,HT135a,MI-TU
mt,MI-TU,amat,HT117a,MI-TU
mt,MI-TU,amat,HT135a,MI-TU
mt,MI-TU,amt,HT117a,MI-TU
mt,MI-TU,amt,HT135a,MI-TU
mt,MI-TU,iAmt,HT117a,MI-TU
mt,MI-TU,iAmt,HT135a,MI-TU
mt,MI-TU,imt,HT117a,MI-TU
mt,MI-TU,imt,HT135a,MI-TU
my,MI-YA ,Amy,SY ZA 5,MI-YA 
my,MI-YA ,iAmy,SY ZA 5,MI-YA 
my,MI-YA ,imAy,SY ZA 5,MI-YA 
my,MI-YA ,imy,SY ZA 5,MI-YA 
n,NA ,Aaan,KN ZA 10,NA 
n,NA ,aan,KN ZA 10,NA 
n,NA ,aana,KN ZA 10,NA 
n,NA ,an,KN ZA 10,NA 
n,NA ,ana,KN ZA 10,NA 
n,NA ,iaan,KN ZA 10,NA 
n,NA ,ian,KN ZA 10,NA 
n,NA ,iani,KN ZA 10,NA 
n,NA ,in,KN ZA 10,NA 
n,NA ,ina,KN ZA 10,NA 
n,NA ,ini,KN ZA 10,NA 
n,NI,Aaan,HT111a,NI
n,NI,Aaan,HT28a,NI
n,NI,Aaan,HT28b,NI
n,NI,Aaan,HT30,NI
n,NI,Aaan,HT90,NI
n,NI,Aaan,KH 88,NI
n,NI,Aaan,KH 91,NI
n,NI,aan,HT111a,NI
n,NI,aan,HT28a,NI
n,NI,aan,HT28b,NI
n,NI,aan,HT30,NI
n,NI,aan,HT90,NI
n,NI,aan,KH 88,NI
n,NI,aan,KH 91,NI
n,NI,aana,HT111a,NI
n,NI,aana,HT28a,NI
n,NI,aana,HT28b,NI
n,NI,aana,HT30,NI
n,NI,aana,HT90,NI
n,NI,aana,KH 88,NI
n,NI,aana,KH 91,NI
n,NI,an,HT111a,NI
n,NI,an,HT28a,NI
n,NI,an,HT28b,NI
n,NI,an,HT30,NI
n,NI,an,HT90,NI
n,NI,an,KH 88,NI
n,NI,an,KH 91,NI
n,NI,ana,HT111a,NI
n,NI,ana,HT28a,NI
n,NI,ana,HT28b,NI
n,NI,ana,HT30,NI
n,NI,ana,HT90,NI
n,NI,ana,KH 88,NI
n,NI,ana,KH 91,NI
n,NI,iaan,HT111a,NI
n,NI,iaan,HT28a,NI
n,NI,iaan,HT28b,NI
n,NI,iaan,HT30,NI
n,NI,iaan,HT90,NI
n,NI,iaan,KH 88,NI
n,NI,iaan,KH 91,NI
n,NI,ian,HT111a,NI
n,NI,ian,HT28a,NI
n,NI,ian,HT28b,NI
n,NI,ian,HT30,NI
n,NI,ian,HT90,NI
n,NI,ian,KH 88,NI
n,NI,ian,KH 91,NI
n,NI,iani,HT111a,NI
n,NI,iani,HT28a,NI
n,NI,iani,HT28b,NI
n,NI,iani,HT30,NI
n,NI,iani,HT90,NI
n,NI,iani,KH 88,NI
n,NI,iani,KH 91,NI
n,NI,in,HT111a,NI
n,NI,in,HT28a,NI
n,NI,in,HT28b,NI
n,NI,in,HT30,NI
n,NI,in,HT90,NI
n,NI,in,KH 88,NI
n,NI,in,KH 91,NI
n,NI,ina,HT111a,NI
n,NI,ina,HT28a,NI
n,NI,ina,HT28b,NI
n,NI,ina,HT30,NI
n,NI,ina,HT90,NI
n,NI,ina,KH 88,NI
n,NI,ina,KH 91,NI
n,NI,ini,HT111a,NI
n,NI,ini,HT28a,NI
n,NI,ini,HT28b,NI
n,NI,ini,HT30,NI
n,NI,ini,HT90,NI
n,NI,ini,KH 88,NI
n,NI,ini,KH 91,NI
n,NU ,Aaan,PK ZA 4,NU 
n,NU ,aan,PK ZA 4,NU 
n,NU ,aana,PK ZA 4,NU 
n,NU ,an,PK ZA 4,NU 
n,NU ,ana,PK ZA 4,NU 
n,NU ,iaan,PK ZA 4,NU 
n,NU ,ian,PK ZA 4,NU 
n,NU ,iani,PK ZA 4,NU 
n,NU ,in,PK ZA 4,NU 
n,NU ,ina,PK ZA 4,NU 
n,NU ,ini,PK ZA 4,NU 
nDr,NA-DA-RE,inDer,HT117a,NA-DA-RE
nDr,NU-DI-RA,inDer,HT122a,NU-DI-RA
nS,NA-SI,anS,AP ZA 2,NA-SI
nS,NA-SI,anS,HT28b,NA-SI
nS,NU-SE-[,anS,KN Wa 33b,NU-SE-[
nm,NA-MA  ,anem,TR ZA 1,NA-MA  
nm,NA-MA  ,inem,TR ZA 1,NA-MA  
nm,NI-MI,anem,PK1,NI-MI
nm,NI-MI,inem,PK1,NI-MI
nr,NI-RA,aAnrA,HT23B,NI-RA
nr,NI-RA,iner,HT23B,NI-RA
nr,NI-RA,inr,HT23B,NI-RA
nr,NU-RE,aAnrA,HT154Ja,NU-RE
nr,NU-RE,iner,HT154Ja,NU-RE
nr,NU-RE,inr,HT154Ja,NU-RE
ns,NA-SI,ines,AP ZA 2,NA-SI
ns,NA-SI,ines,HT28b,NA-SI
ns,NA-SI,inis,AP ZA 2,NA-SI
ns,NA-SI,inis,HT28b,NA-SI
ns,NU-SE-[,ines,KN Wa 33b,NU-SE-[
ns,NU-SE-[,inis,KN Wa 33b,NU-SE-[
nt,NA-TI,Ant,HT97a,NA-TI
nt,NA-TI,aAnAti,HT97a,NA-TI
nt,NA-TI,aAnt,HT97a,NA-TI
nt,NA-TI,ant,HT97a,NA-TI
nt,NA-TI,int,HT97a,NA-TI
nt,NA-TU,Ant,HT47a,NA-TU
nt,NA-TU,aAnAti,HT47a,NA-TU
nt,NA-TU,aAnt,HT47a,NA-TU
nt,NA-TU,ant,HT47a,NA-TU
nt,NA-TU,int,HT47a,NA-TU
nt,NI-TA-,Ant,ARKJ004a,NI-TA-
nt,NI-TA-,aAnAti,ARKJ004a,NI-TA-
nt,NI-TA-,aAnt,ARKJ004a,NI-TA-
nt,NI-TA-,ant,ARKJ004a,NI-TA-
nt,NI-TA-,int,ARKJ004a,NI-TA-
nt,NU-TE,Ant,HT154Ja,NU-TE
nt,NU-TE,aAnAti,HT154Ja,NU-TE
nt,NU-TE,aAnt,HT154Ja,NU-TE
nt,NU-TE,ant,HT154Ja,NU-TE
nt,NU-TE,int,HT154Ja,NU-TE
nt,NU-TI,Ant,ZA009,NU-TI
nt,NU-TI,aAnAti,ZA009,NU-TI
nt,NU-TI,aAnt,ZA009,NU-TI
nt,NU-TI,ant,ZA009,NU-TI
nt,NU-TI,int,ZA009,NU-TI
nw,NU-WI,Aaanw,HT115b,NU-WI
nw,NU-WI,aanaw,HT115b,NU-WI
nw,NU-WI,anw,HT115b,NU-WI
nw,NU-WI,inaw,HT115b,NU-WI
nw,NU-WI,iniw,HT115b,NU-WI
nw,NU-WI,inw,HT115b,NU-WI
p,PI,aAp,HT32,PI
p,PI,ap,HT32,PI
p,PI,iApA,HT32,PI
p,PI,ip,HT32,PI
p,PI,ipA,HT32,PI
p,PI,ipi,HT32,PI
p,PU-[,aAp,MI 2,PU-[
p,PU-[,ap,MI 2,PU-[
p,PU-[,iApA,MI 2,PU-[
p,PU-[,ip,MI 2,PU-[
p,PU-[,ipA,MI 2,PU-[
p,PU-[,ipi,MI 2,PU-[
p,]-PA,aAp,KH 91,]-PA
p,]-PA,ap,KH 91,]-PA
p,]-PA,iApA,KH 91,]-PA
p,]-PA,ip,KH 91,]-PA
p,]-PA,ipA,KH 91,]-PA
p,]-PA,ipi,KH 91,]-PA
pS,PA-SE,apeS,HT18,PA-SE
pS,PA-SE,apeS,HT27b,PA-SE
pS,PI-SA,apeS,HT123b,PI-SA
pd,PA-DE,Apd,HT122a,PA-DE
pd,PA-DE,Apd,HT9A,PA-DE
pd,PA-DE,Apd,HT9B,PA-DE
pd,PA-DE,ipd,HT122a,PA-DE
pd,PA-DE,ipd,HT9A,PA-DE
pd,PA-DE,ipd,HT9B,PA-DE
pd,PU-DE,Apd,KH 88,PU-DE
pd,PU-DE,ipd,KH 88,PU-DE
pnw,[PA3]-NI-WI,ipenw,SY ZA 4,[PA3]-NI-WI
pr,PA-RA,aper,HT128a,PA-RA
pr,PA-RA,aper,PH3a,PA-RA
pr,PA-RA,iaper,HT128a,PA-RA
pr,PA-RA,iaper,PH3a,PA-RA
pr,PA-RE,aper,HT 4,PA-RE
pr,PA-RE,iaper,HT 4,PA-RE
pr,PU-RA,aper,HT116a,PU-RA
pr,PU-RA,iaper,HT116a,PU-RA
pr,PU-RE ,aper,PK ZA 11,PU-RE 
pr,PU-RE ,iaper,PK ZA 11,PU-RE 
ps,PA-SE,ips,HT18,PA-SE
ps,PA-SE,ips,HT27b,PA-SE
ps,PI-SA,ips,HT123b,PI-SA
pt,]-PA-TA,iApAti,KH 79 + 89,]-PA-TA
pt,]-PA-TA,ipt,KH 79 + 89,]-PA-TA
ptn,PA-TA-NE,ipten,HT122a,PA-TA-NE
ptn,PA-TA-NE,ipten,HT94b,PA-TA-NE
pty,PI-TA-YA,ipty,HT6A,PI-TA-YA
py,PA-YA,aApy,HT40,PA-YA
py,PA-YA,apy,HT40,PA-YA
py,PA-YA,ipy,HT40,PA-YA
qp,QE-PU,iqep,HT9A,QE-PU
qp,QE-PU,iqep,HT9B,QE-PU
qr,QA-RO ,aqr,SY ZA 11,QA-RO 
qr,QA-RO ,iqAr,SY ZA 11,QA-RO 
qr,QA-RO ,iqer,SY ZA 11,QA-RO 
qr,QA-RO ,iqri,SY ZA 11,QA-RO 
qrt,QA-RE-TO,iqert,HT132,QA-RE-TO
qrw,QA-RA-WA,iqerw,HT86a,QA-RA-WA
qs,QA-SA,Aqs,HT111a,QA-SA
qs,QA-SA,iqes,HT111a,QA-SA
qt,QE-TI,aqt,HT7A,QE-TI
qt,QE-TI,iAqt,HT7A,QE-TI
qt,QE-TI,iqAt,HT7A,QE-TI
qt,QE-TI,iqt,HT7A,QE-TI
qt,QE-TU,aqt,HT40,QE-TU
qt,QE-TU,iAqt,HT40,QE-TU
qt,QE-TU,iqAt,HT40,QE-TU
qt,QE-TU,iqt,HT40,QE-TU
r,RA,Air,ZA011b,RA
r,RA,Ar,ZA011b,RA
r,RA,ArA,ZA011b,RA
r,RA,aArA,ZA011b,RA
r,RA,aAra,ZA011b,RA
r,RA,ar,ZA011b,RA
r,RA,iAr,ZA011b,RA
r,RA,iar,ZA011b,RA
r,RA,ir,ZA011b,RA
r,RE,Air,HT27b,RE
r,RE,Ar,HT27b,RE
r,RE,ArA,HT27b,RE
r,RE,aArA,HT27b,RE
r,RE,aAra,HT27b,RE
r,RE,ar,HT27b,RE
r,RE,iAr,HT27b,RE
r,RE,iar,HT27b,RE
r,RE,ir,HT27b,RE
r,RO,Air,HT85b,RO
r,RO,Air,Wa 1032-1121,RO
r,RO,Air,Wb 2002,RO
r,RO,Ar,HT85b,RO
r,RO,Ar,Wa 1032-1121,RO
r,RO,Ar,Wb 2002,RO
r,RO,ArA,HT85b,RO
r,RO,ArA,Wa 1032-1121,RO
r,RO,ArA,Wb 2002,RO
r,RO,aArA,HT85b,RO
r,RO,aArA,Wa 1032-1121,RO
r,RO,aArA,Wb 2002,RO
r,RO,aAra,HT85b,RO
r,RO,aAra,Wa 1032-1121,RO
r,RO,aAra,Wb 2002,RO
r,RO,ar,HT85b,RO
r,RO,ar,Wa 1032-1121,RO
r,RO,ar,Wb 2002,RO
r,RO,iAr,HT85b,RO
r,RO,iAr,Wa 1032-1121,RO
r,RO,iAr,Wb 2002,RO
r,RO,iar,HT85b,RO
r,RO,iar,Wa 1032-1121,RO
r,RO,iar,Wb 2002,RO
r,RO,ir,HT85b,RO
r,RO,ir,Wa 1032-1121,RO
r,RO,ir,Wb 2002,RO
r,]-RU,Air,MA 10,]-RU
r,]-RU,Ar,MA 10,]-RU
r,]-RU,ArA,MA 10,]-RU
r,]-RU,aArA,MA 10,]-RU
r,]-RU,aAra,MA 10,]-RU
r,]-RU,ar,MA 10,]-RU
r,]-RU,iAr,MA 10,]-RU
r,]-RU,iar,MA 10,]-RU
r,]-RU,ir,MA 10,]-RU
rD,RU-DI,arD,HT141,RU-DI
rS,RU-SA,aArS,HT96a,RU-SA
rS,RU-SA,arS,HT96a,RU-SA
rd,RU-DI,Ardi,HT141,RU-DI
rd,RU-DI,arid,HT141,RU-DI
rd,RU-DI,iArid,HT141,RU-DI
rd,RU-DI,ird,HT141,RU-DI
rkt,RI-KA-TA,irkti,HT146,RI-KA-TA
rr,RA-RI,ArAr,HT122a,RA-RI
rr,RA-RI,arar,HT122a,RA-RI
rr,RA-RI,arr,HT122a,RA-RI
rr,RA-RI,irr,HT122a,RA-RI
rr,RO-RO,ArAr,KE Wc 2b,RO-RO
rr,RO-RO,arar,KE Wc 2b,RO-RO
rr,RO-RO,arr,KE Wc 2b,RO-RO
rr,RO-RO,irr,KE Wc 2b,RO-RO
rs,RU-SA,ires,HT96a,RU-SA
rt,RE-TI,Art,MA2b,RE-TI
rt,RE-TI,aArAti,MA2b,RE-TI
rt,RE-TI,aArt,MA2b,RE-TI
rt,RE-TI,aart,MA2b,RE-TI
rt,RE-TI,arat,MA2b,RE-TI
rt,RE-TI,art,MA2b,RE-TI
rt,RE-TI,iArt,MA2b,RE-TI
rt,RE-TI,iart,MA2b,RE-TI
rt,RE-TI,irt,MA2b,RE-TI
rt,RE-TU,Art,HT40,RE-TU
rt,RE-TU,aArAti,HT40,RE-TU
rt,RE-TU,aArt,HT40,RE-TU
rt,RE-TU,aart,HT40,RE-TU
rt,RE-TU,arat,HT40,RE-TU
rt,RE-TU,art,HT40,RE-TU
rt,RE-TU,iArt,HT40,RE-TU
rt,RE-TU,iart,HT40,RE-TU
rt,RE-TU,irt,HT40,RE-TU
rt,RU-TE ,Art,IO ZA 14,RU-TE 
rt,RU-TE ,aArAti,IO ZA 14,RU-TE 
rt,RU-TE ,aArt,IO ZA 14,RU-TE 
rt,RU-TE ,aart,IO ZA 14,RU-TE 
rt,RU-TE ,arat,IO ZA 14,RU-TE 
rt,RU-TE ,art,IO ZA 14,RU-TE 
rt,RU-TE ,iArt,IO ZA 14,RU-TE 
rt,RU-TE ,iart,IO ZA 14,RU-TE 
rt,RU-TE ,irt,IO ZA 14,RU-TE 
rty,RA-TU-YA,arty,HT115b,RA-TU-YA
rty,RA-TU-YA,irty,HT115b,RA-TU-YA
rx,RE-[],irex,HT27b,RE-[]
s,SA,Aas,HT27b,SA
s,SA,Ais,HT27b,SA
s,SA,As,HT27b,SA
s,SA,asA,HT27b,SA
s,SA,iAs,HT27b,SA
s,SA,is,HT27b,SA
s,SA,isA,HT27b,SA
s,SA,isa,HT27b,SA
s,SA,isi,HT27b,SA
s,SA,isia,HT27b,SA
s,SI,Aas,HT27b,SI
s,SI,Aas,HT30,SI
s,SI,Aas,Wa 1175-1266,SI
s,SI,Aas,ZA009,SI
s,SI,Ais,HT27b,SI
s,SI,Ais,HT30,SI
s,SI,Ais,Wa 1175-1266,SI
s,SI,Ais,ZA009,SI
s,SI,As,HT27b,SI
s,SI,As,HT30,SI
s,SI,As,Wa 1175-1266,SI
s,SI,As,ZA009,SI
s,SI,asA,HT27b,SI
s,SI,asA,HT30,SI
s,SI,asA,Wa 1175-1266,SI
s,SI,asA,ZA009,SI
s,SI,iAs,HT27b,SI
s,SI,iAs,HT30,SI
s,SI,iAs,Wa 1175-1266,SI
s,SI,iAs,ZA009,SI
s,SI,is,HT27b,SI
s,SI,is,HT30,SI
s,SI,is,Wa 1175-1266,SI
s,SI,is,ZA009,SI
s,SI,isA,HT27b,SI
s,SI,isA,HT30,SI
s,SI,isA,Wa 1175-1266,SI
s,SI,isA,ZA009,SI
s,SI,isa,HT27b,SI
s,SI,isa,HT30,SI
s,SI,isa,Wa 1175-1266,SI
s,SI,isa,ZA009,SI
s,SI,isi,HT27b,SI
s,SI,isi,HT30,SI
s,SI,isi,Wa 1175-1266,SI
s,SI,isi,ZA009,SI
s,SI,isia,HT27b,SI
s,SI,isia,HT30,SI
s,SI,isia,Wa 1175-1266,SI
s,SI,isia,ZA009,SI
s,SI ,Aas,PK ZA 10,SI 
s,SI ,Ais,PK ZA 10,SI 
s,SI ,As,PK ZA 10,SI 
s,SI ,asA,PK ZA 10,SI 
s,SI ,iAs,PK ZA 10,SI 
s,SI ,is,PK ZA 10,SI 
s,SI ,isA,PK ZA 10,SI 
s,SI ,isa,PK ZA 10,SI 
s,SI ,isi,PK ZA 10,SI 
s,SI ,isia,PK ZA 10,SI 
sD,SA-DI,isD,HT111b,SA-DI
sD,SU-DU,isD,HT40,SU-DU
sT,SI-TU,isT,ZA020,SI-TU
sd,SA-DI,AsdA,HT111b,SA-DI
sd,SA-DI,isd,HT111b,SA-DI
sd,SU-DU,AsdA,HT40,SU-DU
sd,SU-DU,isd,HT40,SU-DU
sds,SI-DI-SE,isdes,HT85b,SI-DI-SE
sk,SI-KA,Ask,Wa 1014-1018,SI-KA
sk,SI-KA,isk,Wa 1014-1018,SI-KA
sk,SU-KI,Ask,HT49a,SU-KI
sk,SU-KI,isk,HT49a,SU-KI
sm,SA-MA,Asem,HT10A,SA-MA
sm,SA-MA,Asem,HT52,SA-MA
sm,SA-MA,Asem,HT6B,SA-MA
sm,SA-MA,Asem,ZA010b,SA-MA
sm,SU+MI,Asem,KN28a & KN28b,SU+MI
smr,SA-MA-RO,ismAr,HT88,SA-MA-RO
smr,SA-MA-RO,ismer,HT88,SA-MA-RO
sp,SU-PU,isp,HT31,SU-PU
sp,SU-PU,isp,HT63,SU-PU
sq,SI-QA,Asq,HT130,SI-QA
sq,SI-QA,isq,HT130,SI-QA
sr,SA-RA,iAsr,HT100,SA-RA
sr,SA-RA,iAsr,HT102,SA-RA
sr,SA-RA,iAsr,HT105,SA-RA
sr,SA-RA,iAsr,HT114a,SA-RA
sr,SA-RA,iAsr,HT62,SA-RA
sr,SA-RA,iAsr,HT94a,SA-RA
sr,SA-RA,iAsr,HT99a,SA-RA
sr,SA-RA,iser,HT100,SA-RA
sr,SA-RA,iser,HT102,SA-RA
sr,SA-RA,iser,HT105,SA-RA
sr,SA-RA,iser,HT114a,SA-RA
sr,SA-RA,iser,HT62,SA-RA
sr,SA-RA,iser,HT94a,SA-RA
sr,SA-RA,iser,HT99a,SA-RA
sr,SA-RA,isr,HT100,SA-RA
sr,SA-RA,isr,HT102,SA-RA
sr,SA-RA,isr,HT105,SA-RA
sr,SA-RA,isr,HT114a,SA-RA
sr,SA-RA,isr,HT62,SA-RA
sr,SA-RA,isr,HT94a,SA-RA
sr,SA-RA,isr,HT99a,SA-RA
sr,SA-RO,iAsr,HT17,SA-RO
sr,SA-RO,iAsr,HT19,SA-RO
sr,SA-RO,iAsr,HT40,SA-RO
sr,SA-RO,iAsr,HT9A,SA-RO
sr,SA-RO,iser,HT17,SA-RO
sr,SA-RO,iser,HT19,SA-RO
sr,SA-RO,iser,HT40,SA-RO
sr,SA-RO,iser,HT9A,SA-RO
sr,SA-RO,isr,HT17,SA-RO
sr,SA-RO,isr,HT19,SA-RO
sr,SA-RO,isr,HT40,SA-RO
sr,SA-RO,isr,HT9A,SA-RO
sr,SA-RU,iAsr,HT86a,SA-RU
sr,SA-RU,iAsr,HT86b,SA-RU
sr,SA-RU,iAsr,HT94b,SA-RU
sr,SA-RU,iAsr,HT95a,SA-RU
sr,SA-RU,iAsr,HT95b,SA-RU
sr,SA-RU,iser,HT86a,SA-RU
sr,SA-RU,iser,HT86b,SA-RU
sr,SA-RU,iser,HT94b,SA-RU
sr,SA-RU,iser,HT95a,SA-RU
sr,SA-RU,iser,HT95b,SA-RU
sr,SA-RU,isr,HT86a,SA-RU
sr,SA-RU,isr,HT86b,SA-RU
sr,SA-RU,isr,HT94b,SA-RU
sr,SA-RU,isr,HT95a,SA-RU
sr,SA-RU,isr,HT95b,SA-RU
sr,SA-RYA,iAsr,HT32,SA-RYA
sr,SA-RYA,iAsr,HT33,SA-RYA
sr,SA-RYA,iAsr,HT34,SA-RYA
sr,SA-RYA,iser,HT32,SA-RYA
sr,SA-RYA,iser,HT33,SA-RYA
sr,SA-RYA,iser,HT34,SA-RYA
sr,SA-RYA,isr,HT32,SA-RYA
sr,SA-RYA,isr,HT33,SA-RYA
sr,SA-RYA,isr,HT34,SA-RYA
sr,SI-RU,iAsr,HT55a,SI-RU
sr,SI-RU,iAsr,IO ZA 15,SI-RU
sr,SI-RU,iAsr,PK ZA 10,SI-RU
sr,SI-RU,iser,HT55a,SI-RU
sr,SI-RU,iser,IO ZA 15,SI-RU
sr,SI-RU,iser,PK ZA 10,SI-RU
sr,SI-RU,isr,HT55a,SI-RU
sr,SI-RU,isr,IO ZA 15,SI-RU
sr,SI-RU,isr,PK ZA 10,SI-RU
sr,SI-RU ,iAsr,TR ZA 1,SI-RU 
sr,SI-RU ,iser,TR ZA 1,SI-RU 
sr,SI-RU ,isr,TR ZA 1,SI-RU 
sr,SU-RE,iAsr,HT32,SU-RE
sr,SU-RE,iser,HT32,SU-RE
sr,SU-RE,isr,HT32,SU-RE
st,SI-TU,Ast,ZA020,SI-TU
st,SI-TU,ist,ZA020,SI-TU
t,TE,AAt,HT52,TE
t,TE,AAt,HT55a,TE
t,TE,AAt,HT62,TE
t,TE,AAt,HT63,TE
t,TE,AAt,PH Wg 36,TE
t,TE,AAt,PH12c,TE
t,TE,AAt,Wa 1122-1130,TE
t,TE,Aaat,HT52,TE
t,TE,Aaat,HT55a,TE
t,TE,Aaat,HT62,TE
t,TE,Aaat,HT63,TE
t,TE,Aaat,PH Wg 36,TE
t,TE,Aaat,PH12c,TE
t,TE,Aaat,Wa 1122-1130,TE
t,TE,Aaati,HT52,TE
t,TE,Aaati,HT55a,TE
t,TE,Aaati,HT62,TE
t,TE,Aaati,HT63,TE
t,TE,Aaati,PH Wg 36,TE
t,TE,Aaati,PH12c,TE
t,TE,Aaati,Wa 1122-1130,TE
t,TE,At,HT52,TE
t,TE,At,HT55a,TE
t,TE,At,HT62,TE
t,TE,At,HT63,TE
t,TE,At,PH Wg 36,TE
t,TE,At,PH12c,TE
t,TE,At,Wa 1122-1130,TE
t,TE,Ati,HT52,TE
t,TE,Ati,HT55a,TE
t,TE,Ati,HT62,TE
t,TE,Ati,HT63,TE
t,TE,Ati,PH Wg 36,TE
t,TE,Ati,PH12c,TE
t,TE,Ati,Wa 1122-1130,TE
t,TE,aAat,HT52,TE
t,TE,aAat,HT55a,TE
t,TE,aAat,HT62,TE
t,TE,aAat,HT63,TE
t,TE,aAat,PH Wg 36,TE
t,TE,aAat,PH12c,TE
t,TE,aAat,Wa 1122-1130,TE
t,TE,aAt,HT52,TE
t,TE,aAt,HT55a,TE
t,TE,aAt,HT62,TE
t,TE,aAt,HT63,TE
t,TE,aAt,PH Wg 36,TE
t,TE,aAt,PH12c,TE
t,TE,aAt,Wa 1122-1130,TE
t,TE,at,HT52,TE
t,TE,at,HT55a,TE
t,TE,at,HT62,TE
t,TE,at,HT63,TE
t,TE,at,PH Wg 36,TE
t,TE,at,PH12c,TE
t,TE,at,Wa 1122-1130,TE
t,TE,iAAt,HT52,TE
t,TE,iAAt,HT55a,TE
t,TE,iAAt,HT62,TE
t,TE,iAAt,HT63,TE
t,TE,iAAt,PH Wg 36,TE
t,TE,iAAt,PH12c,TE
t,TE,iAAt,Wa 1122-1130,TE
t,TE,iAit,HT52,TE
t,TE,iAit,HT55a,TE
t,TE,iAit,HT62,TE
t,TE,iAit,HT63,TE
t,TE,iAit,PH Wg 36,TE
t,TE,iAit,PH12c,TE
t,TE,iAit,Wa 1122-1130,TE
t,TE,iAt,HT52,TE
t,TE,iAt,HT55a,TE
t,TE,iAt,HT62,TE
t,TE,iAt,HT63,TE
t,TE,iAt,PH Wg 36,TE
t,TE,iAt,PH12c,TE
t,TE,iAt,Wa 1122-1130,TE
t,TE,iat,HT52,TE
t,TE,iat,HT55a,TE
t,TE,iat,HT62,TE
t,TE,iat,HT63,TE
t,TE,iat,PH Wg 36,TE
t,TE,iat,PH12c,TE
t,TE,iat,Wa 1122-1130,TE
t,TE,it,HT52,TE
t,TE,it,HT55a,TE
t,TE,it,HT62,TE
t,TE,it,HT63,TE
t,TE,it,PH Wg 36,TE
t,TE,it,PH12c,TE
t,TE,it,Wa 1122-1130,TE
t,TE,itA,HT52,TE
t,TE,itA,HT55a,TE
t,TE,itA,HT62,TE
t,TE,itA,HT63,TE
t,TE,itA,PH Wg 36,TE
t,TE,itA,PH12c,TE
t,TE,itA,Wa 1122-1130,TE
t,TE,iti,HT52,TE
t,TE,iti,HT55a,TE
t,TE,iti,HT62,TE
t,TE,iti,HT63,TE
t,TE,iti,PH Wg 36,TE
t,TE,iti,PH12c,TE
t,TE,iti,Wa 1122-1130,TE
t,TE ,AAt,HT92,TE 
t,TE ,AAt,PK ZA 18,TE 
t,TE ,Aaat,HT92,TE 
t,TE ,Aaat,PK ZA 18,TE 
t,TE ,Aaati,HT92,TE 
t,TE ,Aaati,PK ZA 18,TE 
t,TE ,At,HT92,TE 
t,TE ,At,PK ZA 18,TE 
t,TE ,Ati,HT92,TE 
t,TE ,Ati,PK ZA 18,TE 
t,TE ,aAat,HT92,TE 
t,TE ,aAat,PK ZA 18,TE 
t,TE ,aAt,HT92,TE 
t,TE ,aAt,PK ZA 18,TE 
t,TE ,at,HT92,TE 
t,TE ,at,PK ZA 18,TE 
t,TE ,iAAt,HT92,TE 
t,TE ,iAAt,PK ZA 18,TE 
t,TE ,iAit,HT92,TE 
t,TE ,iAit,PK ZA 18,TE 
t,TE ,iAt,HT92,TE 
t,TE ,iAt,PK ZA 18,TE 
t,TE ,iat,HT92,TE 
t,TE ,iat,PK ZA 18,TE 
t,TE ,it,HT92,TE 
t,TE ,it,PK ZA 18,TE 
t,TE ,itA,HT92,TE 
t,TE ,itA,PK ZA 18,TE 
t,TE ,iti,HT92,TE 
t,TE ,iti,PK ZA 18,TE 
t,TI,AAt,MA1c,TI
t,TI,Aaat,MA1c,TI
t,TI,Aaati,MA1c,TI
t,TI,At,MA1c,TI
t,TI,Ati,MA1c,TI
t,TI,aAat,MA1c,TI
t,TI,aAt,MA1c,TI
t,TI,at,MA1c,TI
t,TI,iAAt,MA1c,TI
t,TI,iAit,MA1c,TI
t,TI,iAt,MA1c,TI
t,TI,iat,MA1c,TI
t,TI,it,MA1c,TI
t,TI,itA,MA1c,TI
t,TI,iti,MA1c,TI
t,TU,AAt,KH 91,TU
t,TU,Aaat,KH 91,TU
t,TU,Aaati,KH 91,TU
t,TU,At,KH 91,TU
t,TU,Ati,KH 91,TU
t,TU,aAat,KH 91,TU
t,TU,aAt,KH 91,TU
t,TU,at,KH 91,TU
t,TU,iAAt,KH 91,TU
t,TU,iAit,KH 91,TU
t,TU,iAt,KH 91,TU
t,TU,iat,KH 91,TU
t,TU,it,KH 91,TU
t,TU,itA,KH 91,TU
t,TU,iti,KH 91,TU
t,]-TI-[,AAt,PYR 2,]-TI-[
t,]-TI-[,Aaat,PYR 2,]-TI-[
t,]-TI-[,Aaati,PYR 2,]-TI-[
t,]-TI-[,At,PYR 2,]-TI-[
t,]-TI-[,Ati,PYR 2,]-TI-[
t,]-TI-[,aAat,PYR 2,]-TI-[
t,]-TI-[,aAt,PYR 2,]-TI-[
t,]-TI-[,at,PYR 2,]-TI-[
t,]-TI-[,iAAt,PYR 2,]-TI-[
t,]-TI-[,iAit,PYR 2,]-TI-[
t,]-TI-[,iAt,PYR 2,]-TI-[
t,]-TI-[,iat,PYR 2,]-TI-[
t,]-TI-[,it,PYR 2,]-TI-[
t,]-TI-[,itA,PYR 2,]-TI-[
t,]-TI-[,iti,PYR 2,]-TI-[
tm,TU-MA,item,HT94b,TU-MA
tn,TA-NE,Aten,HT135b,TA-NE
tn,TA-NE,iten,HT135b,TA-NE
tn,TA-NI,Aten,HT97a,TA-NI
tn,TA-NI,iten,HT97a,TA-NI
tn,TE-NI,Aten,HT6A,TE-NI
tn,TE-NI,iten,HT6A,TE-NI
tn,TU-NE,Aten,HT87,TU-NE
tn,TU-NE,iten,HT87,TU-NE
tnt,TA-NA-TE,itent,ZA010a,TA-NA-TE
tnt,TA-NA-TI,itent,HT10B,TA-NA-TI
tnt,TA-NA-TI,itent,HT49a,TA-NA-TI
tnt,TA-NA-TI,itent,HT98a,TA-NA-TI
tnt,TA-NI-TI,itent,HT7A,TA-NI-TI
tp,TA-PA,Atep,HT104,TA-PA
tp,TA-PA,itep,HT104,TA-PA
tp,TA-PA,itpi,HT104,TA-PA
tp,TU-PA,Atep,HT112a,TU-PA
tp,TU-PA,itep,HT112a,TU-PA
tp,TU-PA,itpi,HT112a,TU-PA
tr,TA-RA,Atr,HT89,TA-RA
tr,TA-RA,iAtr,HT89,TA-RA
tr,TA-RA,iter,HT89,TA-RA
tr,TA-RA,itr,HT89,TA-RA
tr,TE-RI,Atr,PH31b,TE-RI
tr,TE-RI,iAtr,PH31b,TE-RI
tr,TE-RI,iter,PH31b,TE-RI
tr,TE-RI,itr,PH31b,TE-RI
tt,TA-TA,Att,KH007a,TA-TA
tt,TA-TA,aatt,KH007a,TA-TA
tt,TA-TA,atat,KH007a,TA-TA
tt,TA-TA,att,KH007a,TA-TA
tt,TA-TA,iAtAta,KH007a,TA-TA
tt,TA-TA,iAtt,KH007a,TA-TA
tt,TA-TA,itt,KH007a,TA-TA
tt,TA-TI,Att,HT26A,TA-TI
tt,TA-TI,aatt,HT26A,TA-TI
tt,TA-TI,atat,HT26A,TA-TI
tt,TA-TI,att,HT26A,TA-TI
tt,TA-TI,iAtAta,HT26A,TA-TI
tt,TA-TI,iAtt,HT26A,TA-TI
tt,TA-TI,itt,HT26A,TA-TI
tt,TE-TU,Att,HT13,TE-TU
tt,TE-TU,Att,HT7A,TE-TU
tt,TE-TU,aatt,HT13,TE-TU
tt,TE-TU,aatt,HT7A,TE-TU
tt,TE-TU,atat,HT13,TE-TU
tt,TE-TU,atat,HT7A,TE-TU
tt,TE-TU,att,HT13,TE-TU
tt,TE-TU,att,HT7A,TE-TU
tt,TE-TU,iAtAta,HT13,TE-TU
tt,TE-TU,iAtAta,HT7A,TE-TU
tt,TE-TU,iAtt,HT13,TE-TU
tt,TE-TU,iAtt,HT7A,TE-TU
tt,TE-TU,itt,HT13,TE-TU
tt,TE-TU,itt,HT7A,TE-TU
tw,TE-WE,Atw,HT91,TE-WE
tw,TE-WE,atw,HT91,TE-WE
w,WA,Aaaw,HT98a,WA
w,WA,Aaaw,Wc 3019,WA
w,WA,Aaw,HT98a,WA
w,WA,Aaw,Wc 3019,WA
w,WA,Aiw,HT98a,WA
w,WA,Aiw,Wc 3019,WA
w,WA,Aw,HT98a,WA
w,WA,Aw,Wc 3019,WA
w,WA,Awa,HT98a,WA
w,WA,Awa,Wc 3019,WA
w,WA,aAaAiw,HT98a,WA
w,WA,aAaAiw,Wc 3019,WA
w,WA,aAw,HT98a,WA
w,WA,aAw,Wc 3019,WA
w,WA,aAwA,HT98a,WA
w,WA,aAwA,Wc 3019,WA
w,WA,aaw,HT98a,WA
w,WA,aaw,Wc 3019,WA
w,WA,aiw,HT98a,WA
w,WA,aiw,Wc 3019,WA
w,WA,aiwa,HT98a,WA
w,WA,aiwa,Wc 3019,WA
w,WA,aw,HT98a,WA
w,WA,aw,Wc 3019,WA
w,WA,awA,HT98a,WA
w,WA,awA,Wc 3019,WA
w,WA,awa,HT98a,WA
w,WA,awa,Wc 3019,WA
w,WA,iAAw,HT98a,WA
w,WA,iAAw,Wc 3019,WA
w,WA,iAiAw,HT98a,WA
w,WA,iAiAw,Wc 3019,WA
w,WA,iAiw,HT98a,WA
w,WA,iAiw,Wc 3019,WA
w,WA,iAw,HT98a,WA
w,WA,iAw,Wc 3019,WA
w,WA,iAwA,HT98a,WA
w,WA,iAwA,Wc 3019,WA
w,WA,iaw,HT98a,WA
w,WA,iaw,Wc 3019,WA
w,WA,iw,HT98a,WA
w,WA,iw,Wc 3019,WA
w,WA,iwA,HT98a,WA
w,WA,iwA,Wc 3019,WA
w,WA,iwAi,HT98a,WA
w,WA,iwAi,Wc 3019,WA
w,WA,iwa,HT98a,WA
w,WA,iwa,Wc 3019,WA
w,WA,iwaa,HT98a,WA
w,WA,iwaa,Wc 3019,WA
w,WA,iwi,HT98a,WA
w,WA,iwi,Wc 3019,WA
w,WA,wA,HT98a,WA
w,WA,wA,Wc 3019,WA
w,WA,wAA,HT98a,WA
w,WA,wAA,Wc 3019,WA
w,WA,wAa,HT98a,WA
w,WA,wAa,Wc 3019,WA
w,WA,wa,HT98a,WA
w,WA,wa,Wc 3019,WA
w,WA,waA,HT98a,WA
w,WA,waA,Wc 3019,WA
w,WA,wi,HT98a,WA
w,WA,wi,Wc 3019,WA
w,WA,wiA,HT98a,WA
w,WA,wiA,Wc 3019,WA
wD,WA-DI,wAD,HT94b,WA-DI
wD,WA-DI,wDA,HT94b,WA-DI
wD,WA-DI,wDa,HT94b,WA-DI
wD,WI-DU,wAD,HT 5,WI-DU
wD,WI-DU,wDA,HT 5,WI-DU
wD,WI-DU,wDa,HT 5,WI-DU
wDn,WA-DI-NI,wADni,Wc 3007a,WA-DI-NI
wDn,WA-DI-NI,wDen,Wc 3007a,WA-DI-NI
wS,WI-SA,wAS,HT113,WI-SA
wS,WI-SA,wASA,HT113,WI-SA
wS,WI-SA,wSA,HT113,WI-SA
wS,WI-SA,wSa,HT113,WI-SA
wd,WA-DI,iwAd,HT94b,WA-DI
wd,WA-DI,iwd,HT94b,WA-DI
wd,WA-DI,wAd,HT94b,WA-DI
wd,WA-DI,wd,HT94b,WA-DI
wd,WA-DI,wda,HT94b,WA-DI
wd,WI-DU,iwAd,HT 5,WI-DU
wd,WI-DU,iwd,HT 5,WI-DU
wd,WI-DU,wAd,HT 5,WI-DU
wd,WI-DU,wd,HT 5,WI-DU
wd,WI-DU,wda,HT 5,WI-DU
wdn,WA-DI-NI,wden,Wc 3007a,WA-DI-NI
wdn,WA-DI-NI,wdena,Wc 3007a,WA-DI-NI
ws,WI-SA,AwAs,HT113,WI-SA
ws,WI-SA,iws,HT113,WI-SA
ws,WI-SA,wAs,HT113,WI-SA
ws,WI-SA,ws,HT113,WI-SA
wy,WI-YA,Awy,PH18a,WI-YA
wy,WI-YA,aAawy,PH18a,WI-YA
wy,WI-YA,awAy,PH18a,WI-YA
wy,WI-YA,awy,PH18a,WI-YA
wy,WI-YA,iAwy,PH18a,WI-YA
wy,WI-YA,iwAy,PH18a,WI-YA
wy,WI-YA,iwy,PH18a,WI-YA
wy,WI-YA,wAy,PH18a,WI-YA
wy,WI-YA,way,PH18a,WI-YA
wy,WI-YA,wya,PH18a,WI-YA
wyp,WA-YA-PI,wyp,HT9B,WA-YA-PI
y,YA,Aaya,SY ZA 1,YA
y,YA,Ay,SY ZA 1,YA
y,YA,aAy,SY ZA 1,YA
y,YA,aay,SY ZA 1,YA
y,YA,ay,SY ZA 1,YA
y,YA,iay,SY ZA 1,YA
y,YA,iy,SY ZA 1,YA
y,YA,yA,SY ZA 1,YA
y,YA,ya,SY ZA 1,YA
y,YA ,Aaya,KN ZA 18,YA 
y,YA ,Ay,KN ZA 18,YA 
y,YA ,aAy,KN ZA 18,YA 
y,YA ,aay,KN ZA 18,YA 
y,YA ,ay,KN ZA 18,YA 
y,YA ,iay,KN ZA 18,YA 
y,YA ,iy,KN ZA 18,YA 
y,YA ,yA,KN ZA 18,YA 
y,YA ,ya,KN ZA 18,YA 
y,[]-YA-[,Aaya,KH 90,[]-YA-[
y,[]-YA-[,Ay,KH 90,[]-YA-[
y,[]-YA-[,aAy,KH 90,[]-YA-[
y,[]-YA-[,aay,KH 90,[]-YA-[
y,[]-YA-[,ay,KH 90,[]-YA-[
y,[]-YA-[,iay,KH 90,[]-YA-[
y,[]-YA-[,iy,KH 90,[]-YA-[
y,[]-YA-[,yA,KH 90,[]-YA-[
y,[]-YA-[,ya,KH 90,[]-YA-[
yd,YE-DI,ydaA,HT122b,YE-DI
yd,YE-DI,ydaA,HT140,YE-DI
ym,YA-ME,yam,HT28a,YA-ME
ym,YA-ME,yam,HT28b,YA-ME
ym,YA-ME,ym,HT28a,YA-ME
ym,YA-ME,ym,HT28b,YA-ME
yn,YA-NA,aynA,nan,YA-NA
yq,YA-QE ,Ayq,KN ZA 17,YA-QE 
yw,YA-WA,iAyw,KN ZA 18,YA-WA
yw,YA-WA,iyw,KN ZA 18,YA-WA
yw,YA-WA,yAw,KN ZA 18,YA-WA
yw,YA-WA,ywa,KN ZA 18,YA-WA
yy,YA-YA,aAyaAy,PK ZA 18,YA-YA
yy,YA-YA,aAyaAy,SY ZA 8,YA-YA