Numbered_Words,Matched_Words
999wy,awy
076t,at
312t,at
302t,at
999t,at
076t,at
312t,at
302t,at
999t,at
076t,at
312t,at
302t,at
999t,at
076t,at
312t,at
302t,at
999t,at
076t,at
312t,at
302t,at
999t,at
a301,aa
a303,aa
a651,aa
a652,aa
a660,aa
a658,aa
a659,aa
a655,aa
a654,aa
a662,aa
a301w,aiw
a301,aa
a303,aa
a651,aa
a652,aa
a660,aa
a658,aa
a659,aa
a655,aa
a654,aa
a662,aa
a301,aa
a303,aa
a651,aa
a652,aa
a660,aa
a658,aa
a659,aa
a655,aa
a654,aa
a662,aa
a301,aa
a303,aa
a651,aa
a652,aa
a660,aa
a658,aa
a659,aa
a655,aa
a654,aa
a662,aa
a301,aa
a303,aa
a651,aa
a652,aa
a660,aa
a658,aa
a659,aa
a655,aa
a654,aa
a662,aa
a999y,aay
a301,aa
a303,aa
a651,aa
a652,aa
a660,aa
a658,aa
a659,aa
a655,aa
a654,aa
a662,aa
a301,aa
a303,aa
a651,aa
a652,aa
a660,aa
a658,aa
a659,aa
a655,aa
a654,aa
a662,aa
a301,aa
a303,aa
a651,aa
a652,aa
a660,aa
a658,aa
a659,aa
a655,aa
a654,aa
a662,aa
a301,aa
a303,aa
a651,aa
a652,aa
a660,aa
a658,aa
a659,aa
a655,aa
a654,aa
a662,aa
a301,aa
a303,aa
a651,aa
a652,aa
a660,aa
a658,aa
a659,aa
a655,aa
a654,aa
a662,aa
a301w,aaw
a301,aa
a303,aa
a651,aa
a652,aa
a660,aa
a658,aa
a659,aa
a655,aa
a654,aa
a662,aa
131w,aw
301w,aw
131w,aw
301w,aw
131w,aw
301w,aw
131w,aw
301w,aw
ab188,aba
ab120,aba
ab021,aba
ab122,aba
ab085,aba
ab164,aba
ab188,aba
ab120,aba
ab021,aba
ab122,aba
ab085,aba
ab164,aba
341p,ap
341p,ap
341p,ap
302m,am
999m,am
302m,am
999m,am
302m,am
999m,am
302m,am
999m,am
302m,am
999m,am
302m,am
999m,am
302m,am
999m,am
999ma,ama
999ma,ama
999ma,ama
999ma,ama
999ma,ama
056n,an
301n,an
056nn,ann
056n,an
301n,an
056n,an
301n,an
056n,an
301n,an
056n,an
301n,an
056n,an
301n,an
056n,an
301n,an
056n,an
301n,an
056n,an
301n,an
056n,an
301n,an
056n,an
301n,an
056n,an
301n,an
056n,an
301n,an
056n,an
301n,an
056n,an
301n,an
an999,ana
056nd,and
056nd,and
056nd,and
056nd,and
056nd,and
305r,ar
999r,ar
305r,ar
999r,ar
305r,ar
999r,ar
305r,ar
999r,ar
305r,ar
999r,ar
305r,ar
999r,ar
305r,ar
999r,ar
305r,ar
999r,ar
305r,ar
999r,ar
076rr,arr
305r,ar
999r,ar
305r,ar
999r,ar
305r,ar
999r,ar
120q,aq
056q,aq
120q,aq
056q,aq
120q,aq
056q,aq
120q,aq
056q,aq
120q,aq
056q,aq
120q,aq
056q,aq
302qd,aqd
120q,aq
056q,aq
120q,aq
056q,aq
120q,aq
056q,aq
120q,aq
056q,aq
999kr,akr
076t,at
312t,at
302t,at
999t,at
076t,at
312t,at
302t,at
999t,at
076t,at
312t,at
302t,at
999t,at
312tt,att
302d,ad
131d,ad
188d,ad
302d,ad
131d,ad
188d,ad
302d,ad
131d,ad
188d,ad
302d,ad
131d,ad
188d,ad
302d,ad
131d,ad
188d,ad
302d,ad
131d,ad
188d,ad
302d,ad
131d,ad
188d,ad
302d,ad
131d,ad
188d,ad
i301,ia
i301,ia
999302t,iat
i301,ia
i301,ia
131w,iw
301w,iw
131w,iw
301w,iw
131w,iw
301w,iw
131w,iw
301w,iw
131w,iw
301w,iw
999wy,iwy
131w,iw
301w,iw
131w,iw
301w,iw
131w,iw
301w,iw
999wy,iwy
131w,iw
301w,iw
131w,iw
301w,iw
999wy,iwy
131w,iw
301w,iw
999wy,iwy
131w,iw
301w,iw
999wy,iwy
999wy,iwy
056nn,inn
341p,ip
341p,ip
302m,im
999m,im
302m,im
999m,im
302m,im
999m,im
999my,imy
302m,im
999m,im
302m,im
999m,im
302m,im
999m,im
999my,imy
302m,im
999m,im
302m,im
999m,im
302m,im
999m,im
302m,im
999m,im
302m,im
999m,im
302m,im
999m,im
302m,im
999m,im
302m,im
999m,im
302m,im
999m,im
302m,im
999m,im
302m,im
999m,im
302m,im
999m,im
302m,im
999m,im
302m,im
999m,im
302m,im
999m,im
302m,im
999m,im
302m,im
999m,im
302m,im
999m,im
302m,im
999m,im
999my,imy
056n,in
301n,in
056n,in
301n,in
056n,in
301n,in
056n,in
301n,in
056n,in
301n,in
056n,in
301n,in
056nn,inn
056nn,inn
056n,in
301n,in
056n,in
301n,in
056nn,inn
056n,in
301n,in
056n,in
301n,in
056n,in
301n,in
056n,in
301n,in
056n,in
301n,in
056n,in
301n,in
056n,in
301n,in
056n,in
301n,in
056n,in
301n,in
056n,in
301n,in
056n,in
301n,in
056n,in
301n,in
056n,in
301n,in
056n,in
301n,in
056n,in
301n,in
056n,in
301n,in
056n,in
301n,in
056n,in
301n,in
056n,in
301n,in
056nd,ind
305r,ir
999r,ir
305r,ir
999r,ir
305r,ir
999r,ir
305r,ir
999r,ir
305r,ir
999r,ir
305r,ir
999r,ir
305r,ir
999r,ir
305r,ir
999r,ir
305r,ir
999r,ir
305r,ir
999r,ir
305r,ir
999r,ir
305r,ir
999r,ir
305r,ir
999r,ir
076rr,irr
076rr,irr
076rr,irr
703rm,irm
703rm,irm
703rm,irm
999sp,isp
999sp,isp
999sp,isp
999sr,isr
120q,iq
056q,iq
120q,iq
056q,iq
302k,ik
302k,ik
999kt,ikt
302k,ik
100k131,iki
076t,it
312t,it
302t,it
999t,it
076t,it
312t,it
302t,it
999t,it
312tt,itt
076t,it
312t,it
302t,it
999t,it
076t,it
312t,it
302t,it
999t,it
076t,it
312t,it
302t,it
999t,it
076t,it
312t,it
302t,it
999t,it
076t,it
312t,it
302t,it
999t,it
076t,it
312t,it
302t,it
999t,it
312tt,itt
076t,it
312t,it
302t,it
999t,it
076t,it
312t,it
302t,it
999t,it
012t999,iti
302d,id
131d,id
188d,id
302d,id
131d,id
188d,id
302d,id
131d,id
188d,id
302d,id
131d,id
188d,id
302d,id
131d,id
188d,id
302d,id
131d,id
188d,id
302d,id
131d,id
188d,id
302d,id
131d,id
188d,id
302d,id
131d,id
188d,id
302d,id
131d,id
188d,id
302d,id
131d,id
188d,id
302d,id
131d,id
188d,id
302d,id
131d,id
188d,id
k305,ka
k056,ka
k305,ka
k056,ka
k999t,kat
k305,ka
k056,ka
k999999,kai
k999574,kai
k305,ki
k056,ki
k305,ka
k056,ka
k305,ka
k056,ka
k305,ka
k056,ka
k305,ka
k056,ka
k999t,kat
k999t,kat
k305,ka
k056,ka
k305,ka
k056,ka
k305,ka
k056,ka
k999999,kai
k999574,kai
k999t,kat
k999t,kat
k999999,kaa
k999574,kaa
k999999,kai
k999574,kai
k999999,kai
k999574,kai
k999999,kai
k999574,kai
k056ry,kary
k056ry,kary
k305,ki
k056,ki
k305,ki
k056,ki
k999t,kit
k999999,kia
k999574,kia
k056ry,kiry
k305,ki
k056,ki
k305,ki
k056,ki
k305,ki
k056,ki
k305,ki
k056,ki
k305,ki
k056,ki
w312,wi
w999,wi
w362,wi
w312,wi
w999,wi
w362,wi
w312,wi
w999,wi
w362,wi
w312,wi
w999,wi
w362,wi
w312,wi
w999,wi
w362,wi
w312,wa
w999,wa
w362,wa
w312,wa
w999,wa
w362,wa
w312,wa
w999,wa
w362,wa
w312,wa
w999,wa
w362,wa
w312,wa
w999,wa
w362,wa
w312,wa
w999,wa
w362,wa
w312,wa
w999,wa
w362,wa
w312,wa
w999,wa
w362,wa
w312,wa
w999,wa
w362,wa
w312,wa
w999,wa
w362,wa
w312,wa
w999,wa
w362,wa
w312,wa
w999,wa
w362,wa
w312,wa
w999,wa
w362,wa
w312,wa
w999,wa
w362,wa
w312,wa
w999,wa
w362,wa
y021,ya
y345,ya
