0,GORILA Code,Site,Item Type,English Transcription,NEW FORMAT,Without Gaps,Without Vowels,Linear A Font,UNICODE Symbols,Notes,LOWER
,HT 1,Hagia Triada,,,QE-RA-U,QERAU,QRU,,,,qru
,HT 1,,,,KI-RO,KIRO,KR,,,,kr
,HT 1,,,,ZU-SU,ZUSU,ZS,,,,zs
,HT 1,,,,DI-DI-KA-ZE,DIDIKAZE,DDKZ,,,,ddkz
,HT 1,,,,KU-[AB056]-NU,KU056NU,K056N,,,,k056n
,HT 1,,,,A-RA-NA-RE,ARANARE,ARNR,,,,arnr
,HT 2,Hagia Triada,,,A-KA-RU,AKARU,AKR,,,,akr
,HT 2,,,,KI-RE-TA-NA,KIRETANA,KRTN,,,,krtn
,HT 3,Hagia Triada,,,QE-RA-JA,QERAJA,QRJ,,,,qrj
,HT 3,,,,QE-RA-YA,QERAYA,QRY,,,,qry
,HT 3,,,,MU-RU,MURU,MR,,,,mr
,HT 3,,,,KU-[AB056]-NU,KU056NU,K056N,,,,k056n
,HT 3,,,,MA-DI,MADI,MD,,,,md
,HT 4,Hagia Triada,,,RA-TI-KA-A-RE,RATIKAARE,RTAR,,,,rtar
,HT 4,,,,DU-RI-TE,DURITE,DRT,,,,drt
,HT 4,,,,PA-RE,PARE,PR,,,,pr
,HT 4,,,,TA-PI-RU-DI,TAPIRUDI,TPRD,,,,tprd
,HT 5,Hagia Triada,,,[A307],307,307,,,,307
,HT 5,,,,MA-SI,MASI,MS,,,,ms
,HT 5,,,,WI-DU,WIDU,WD,,,,wd
,HT6A,,,,KA-PA,KAPA,KP,,,,kp
,HT6A,,,,TE-NI,TENI,TN,,,,tn
,HT6A,,,,DA-TA-RA,DATARA,DTR,,,,dtr
,HT6A,,,,PI-TA-JA,PITAJA,PTJ,,,,ptj
,HT6A,,,,PI-TA-YA,PITAYA,PTY,,,,pty
,HT6A,,,,MA-QA,MAQA,MQ,,,,mq
,HT6A,,,,KI-[AB076]-DI-NE,KI076DINE,K076DN,,,,k076dn
,HT6A,,,,KA-PA-QE,KAPAQE,KPQ,,,,kpq
,HT6A,,,,DA-QE-RA,DAQERA,DQR,,,,dqr
,HT6A,,,,QE-PI-TA,QEPITA,QPT,,,,qpt
,HT6B,,,,WA-DU-NI-MI,WADUNIMI,WDNM,,,,wdnm
,HT6B,,,,RA-TI-SE,RATISE,RTS,,,,rts
,HT6B,,,,MA-RI-I-I,MARI999I,MR999I,,,,mr999i
,HT6B,,,,DU-DA-MA,DUDAMA,DDM,,,,ddm
,HT6B,,,,DA-KI,DAKI,DK,,,,dk
,HT6B,,,,SA-MA,SAMA,SM,,,,sm
,HT6B,,,,[AB056]-NI-DI,056NIDI,056ND,,,,056nd
,HT7A,,,,QE-TI,QETI,QT,,,,qt
,HT7A,,,,I-RU-JA,IRUJA,IRJ,,,,irj
,HT7A,,,,I-RU-YA,IRUYA,IRY,,,,iry
,HT7A,,,,DU-JA,DUJA,DJ,,,,dj
,HT7A,,,,DU-YA,DUYA,DY,,,,dy
,HT7A,,,,TA-NI-TI,TANITI,TNT,,,,tnt
,HT7A,,,,DA-RE,DARE,DR,,,,dr
,HT7A,,,,TE-TU,TETU,TT,,,,tt
,HT7A,,,,[AB021F]-TU-NE,021TUNE,021TN,,,,021tn
,HT7A,,,,DA-RU-[A329],DARU329,DR329,,,,dr329
,HT8A,,,,JE-DI-KI,JEDIKI,JDK,,,,jdk
,HT8A,,,,YE-DI-KI,YEDIKI,YDK,,,,ydk
,HT8A,,,,[AB056]-KA-RA-TI,056KARATI,056KRT,,,,056krt
,HT8A,,,,TE-[A301],TE301,T301,,,,t301
,HT8A,,,,QA-[A310]-I,QA310I,Q310I,,,,q310i
,HT8A,,,,SI-KI-RA,SIKIRA,SKR,,,,skr
,HT8A,,,,KI-RE-TA-NA,KIRETANA,KRTN,,,,krtn
,HT8B,,,,SU-[AB029]-[AB188],SU029188,S029188,,,,s029188
,HT8B,,,,[AB056]-[AB188],56188,56188,,,,56188
,HT8B,,,,QA-[A310]-I,QA310I,Q310I,,,,q310i
,HT8B,,,,KA-PA,KAPA,KP,,,,kp
,HT8B,,,,PA-JA-RE,PAJARE,PJR,,,,pjr
,HT8B,,,,PA-YA-RE,PAYARE,PYR,,,,pyr
,HT8B,,,,[A565],565,565,,,,565
,HT9A,,,,SA-RO,SARO,SR,,,,sr
,HT9A,,,,PA-DE,PADE,PD,,,,pd
,HT9A,,,,[AB076]-TU,076TU,076T,,,,076t
,HT9A,,,,DI-NA-U,DINAU,DNU,,,,dnu
,HT9A,,,,QE-PU,QEPU,QP,,,,qp
,HT9A,,,,[A301]-DI-RA,301DIRA,301DR,,,,301dr
,HT9A,,,,TA-I-[AB123],TAI123,TI123,,,,ti123
,HT9A,,,,A-RU,ARU,AR,,,,ar
,HT9A,,,,KU-RO,KURO,KR,,,,kr
,HT9B,,,,WA-JA-PI,WAJAPI,WJP,,,,wjp
,HT9B,,,,WA-YA-PI,WAYAPI,WYP,,,,wyp
,HT9B,,,,KA-[A305],KA305,K305,,,,k305
,HT9B,,,,PA-DE,PADE,PD,,,,pd
,HT9B,,,,A-SI,ASI,AS,,,,as
,HT9B,,,,[AB076]-TU,076TU,076T,,,,076t
,HT9B,,,,[A301]-DI-RA,301DIRA,301DR,,,,301dr
,HT9B,,,,QE-PU,QEPU,QP,,,,qp
,HT9B,,,,TA-I-[AB123],TAI123,TI123,,,,ti123
,HT9B,,,,DI-NA-U,DINAU,DNU,,,,dnu
,HT9B,,,,KU-RO,KURO,KR,,,,kr
,HT10A,,,,KU-NI-SU,KUNISU,KNS,,,,kns
,HT10A,,,,SA-MA,SAMA,SM,,,,sm
,HT10A,,,,DA-RE,DARE,DR,,,,dr
,HT10A,,,,U-QA-ZA,UQAZA,UQZ,,,,uqz
,HT10A,,,,[A301],301,301,,,,301
,HT10A,,,,U-QA-ZA,UQAZA,UQZ,,,,uqz
,HT10A,,,,[A305]-RU,305-RU,305R,,,,305r
,HT10A,,,,DA-RI-DA,DARIDA,DRD,,,,drd
,HT10A,,,,ME-ZA,MEZA,MZ,,,,mz
,HT10B,,,,U-TI,UTI,UT,,,,ut
,HT10B,,,,DA-SI,DASI,DS,,,,ds
,HT10B,,,,TA-RI-NA,TARINA,TRN,,,,trn
,HT10B,,,,[A312]-TA,312TA,312T,,,,312t
,HT10B,,,,KA-SA-RU,KASARU,KSR,,,,ksr
,HT10B,,,,TA-NA-TI,TANATI,TNT,,,,tnt
,HT11A,,,,A-RU-RA,ARURA,ARR,,,,arr
,HT11A,,,,KA-RO-NA,KARONA,KRN,,,,krn
,HT11A,,,,A-SU-RA,ASURA,ASR,,,,asr
,HT11A,,,,KU-RO,KURO,KR,,,,kr
,HT11B,,,,[A100]-I,100I,100I,,,,100i
,HT11B,,,,DE-NU,DENU,DN,,,,dn
,HT11B,,,,RU-[AB076],RU076,R076,,,,r076
,HT11B,,,,RU-ZU-NA,RUZUNA,RZN,,,,rzn
,HT11B,,,,SA-QE-RI,SAQERI,SQR,,,,sqr
,HT11B,,,,KU-RO,KURO,KR,,,,kr
,HT12,,,,QA-TI-DA-TE,QATIDATE,QTDT,,,,qtdt
,HT12,,,,QE-TU-NE,QETUNE,QTN,,,,qtn
,HT12,,,,DA-I,DAI,DI,,,,di
,HT13,,,,KA-U-DE-TA,KAUDETA,KUDT,,,,kudt
,HT13,,,,RE-ZA,REZA,RZ,,,,rz
,HT13,,,,TE-TU,TETU,TT,,,,tt
,HT13,,,,TE-KI,TEKI,TK,,,,tk
,HT13,,,,KU-ZU-NI,KUZUNI,KZN,,,,kzn
,HT13,,,,DA-SI-[AB118],DASI118,DS118,,,,ds118
,HT13,,,,I-DU-NE-SI,IDUNESI,IDNS,,,,idns
,HT13,,,,KU-RO,KURO,KR,,,,kr
,HT14,,,,PU-[AB131A],PU131,P131,,,,p131
,HT14,,,,A-[AB029]-NA-DU,A029NADU,A029ND,,,,a029nd
,HT15,,,,U-[AB034]-SI,U034SI,U034S,,,,u034s
,HT15,,,,DU-[AB123]-A,DU123A,D123A,,,,d123a
,HT15,,,,KI-RO,KIRO,KR,,,,kr
,HT16,,,,KA-KU-PA,KAKUPA,KKP,,,,kkp
,HT16,,,,DI-NA-U,DINAU,DNU,,,,dnu
,HT16,,,,SA-[AB011],SA011,S011,,,,s011
,HT17,,,,RA-[AB164]-TI,RA164TI,R164T,,,,r164t
,HT17,,,,SA-RO,SARO,SR,,,,sr
,HT17,,,,SI-DA-RE,SIDARE,SDR,,,,sdr
,HT18,,,,PA-SE,PASE,PS,,,,ps
,HT19,,,,SA-[AB076],SA076,S076,,,,s076
,HT19,,,,RA-[AB164]-TI,RA164TI,R164T,,,,r164t
,HT19,,,,SA-RO,SARO,SR,,,,sr
,HT19,,,,DU-ME-DI,DUMEDI,DMD,,,,dmd
,HT19,,,,PA-RO-SU,PAROSU,PRS,,,,prs
,HT19,,,,KU-MA-JU,KUMAJU,KMJ,,,,kmj
,HT19,,,,KA-MA-YU,KUMAYU,KUMAYU,,,,kumayu
,HT19,,,,QE-KU-RE,QEKURE,QKR,,,,qkr
,HT19,,,,SA-RE-JU,SAREJU,SRJ,,,,srj
,HT19,,,,SA-RE-YU,SAREYU,SRY,,,,sry
,HT20,,,,PI-TA-KE-SE,PITAKESE,PTKS,,,,ptks
,HT23A,,,,KA-NA,KANA,KN,,,,kn
,HT23A,,,,SA-SA-ME,SASAME,SSM,,,,ssm
,HT23A,,,,KO-RU,KORU,KR,,,,kr
,HT23B,,,,NI-RA,NIRA,NR,,,,nr
,HT23B,,,,[]-RI-QU-TA,XRIQUTA,XRQT,,,,xrqt
,HT24A,,,,KU-[AB056]-RI-JA,KU056RIJA,K056RJ,,,,k056rj
,HT24A,,,,KU-[AB056]-RI-YA,KU056RIYA,K056RY,,,,k056ry
,HT24A,,,,PA-SA-RI-JA,PASARIJA,PSRJ,,,,psrj
,HT24A,,,,PA-SA-RI-YA,PASARIYA,PSRY,,,,psry
,HT24A,,,,RU-I-KO,RUIKO,RIK,,,,rik
,HT25A,,,,DI-NA-U,DINAU,DNU,,,,dnu
,HT25A,,,,RU-NI,RUNI,RN,,,,rn
,HT25A,,,,U-RE-WI,UREWI,URW,,,,urw
,HT25A,,,,DI-NA-U,DINAU,DNU,,,,dnu
,HT25A,,,,A-RI-NI-TA,ARINITA,ARNT,,,,arnt
,HT25A,,,,TU-QE-NI,TUQENI,TQN,,,,tqn
,HT25A,,,,ZA-JU-[AB029],ZAJU029,ZJ029,,,,zj029
,HT25A,,,,ZA-YU-[AB029],ZAYU029,ZY029,,,,zy029
,HT25A,,,,DU-RU-WI,DURUWI,DRW,,,,drw
,HT25A,,,,I-KI-RA,IKIRA,IKR,,,,ikr
,HT26A,,,,[A312]-TE-TE,312TETE,312TT,,,,312tt
,HT26A,,,,TA-TI,TATI,TT,,,,tt
,HT26A,,,,MI-KI-SE-NA,MIKISENA,MKSN,,,,mksn
,HT26A,,,,U-NU,UNU,UN,,,,un
,HT26B,,,,RO-NI,RONI,RN,,,,rn
,HT26B,,,,KA-U-ZU-NI,KAUZUNI,KUZN,,,,kuzn
,HT27A,,,,KI-NI-TA,KINITA,KNT,,,,knt
,HT27A,,,,I-MI-SA-RA,IMISARA,IMSR,,,,imsr
,HT27A,,,,SA-RA-DI,SARADI,SRD,,,,srd
,HT27A,,,,KI-DA,KIDA,KD,,,,kd
,HT27A,,,,KU-RO,KURO,KR,,,,kr
,HT27b,,,,MI-DO-[AB131A]-WA,MIDO131WA,MD131W,,,,md131w
,HT27b,,,,SA,SA,S,,,,s
,HT27b,,,,[AB131A],131,131,,,,131
,HT27b,,,,[AB120],120,120,,,,120
,HT27b,,,,SA,SA,S,,,,s
,HT27b,,,,RE,RE,R,,,,r
,HT27b,,,,[AB131A],131,131,,,,131
,HT27b,,,,SI,SI,S,,,,s
,HT27b,,,,PA-SE,PASE,PS,,,,ps
,HT27b,,,,[AB131A]-WA,131WA,131W,,,,131w
,HT27b,,,,SA,SA,S,,,,s
,HT27b,,,,RE,RE,R,,,,r
,HT27b,,,,[AB131A]-[AB120],131120,131120,,,,131120
,HT27b,,,,SA,SA,S,,,,s
,HT27b,,,,RE-[],REX,RX,,,,rx
,HT28a,Haghia Triada,,,A-SI-JA-KA,ASIJAKA,ASJK,,,,asjk
,HT28a,,,,A-SI-YA-KA,ASIYAKA,ASYK,,,,asyk
,HT28a,,,,JA-ME,JAME,JM,,,,jm
,HT28a,,,,YA-ME,YAME,YM,,,,ym
,HT28a,,,,JA-[AB021F],JA021,J021,,,,j021
,HT28a,,,,YA-[AB021F],YA021,Y021,,,,y021
,HT28a,,,,[A578],278,278,,,,278
,HT28a,,,,[AB120]+QE,120QE,120Q,,,,120q
,HT28a,,,,[A610],610,610,,,,610
,HT28a,,,,[A618],618,618,,,,618
,HT28a,,,,[A302]+KI,302KI,302K,,,,302k
,HT28a,,,,[A622],622,622,,,,622
,HT28a,,,,[A302]+MI,302MI,302M,,,,302m
,HT28a,,,,[A621],621,621,,,,621
,HT28a,,,,[A302]+TU,302TU,302T,,,,302t
,HT28a,,,,[A7092]-SA-RYA-[A608],709SARYA608,709SR608,,,,709sr608
,HT28a,,,,[A7092]-SA-RYA-[A302]+DI,709SARYA302DI,709SR302D,,,,709sr302d
,HT28a,,,,NI,NI,N,,,,n
,HT28a,,,,[AB131A],131,131,,,,131
,HT28a,,,,[A568]-[AB131A],568131,568131,,,,568131
,HT28a,,,,[A100]+KA-[AB131A],100KA131,100K131,,,,100k131
,HT28a,,,,A-RU-DA-RA,ARUDARA,ARDR,,,,ardr
,HT28a,,,,[AB120],120,120,,,,120
,HT28a,,,,[A304],304,304,,,,304
,HT28a,,,,[A608],608,608,,,,608
,HT28a,,,,[A302]+DI,302DI,302D,,,,302d
,HT28a,,,,I-TA-JA-[A608],ITAJA608,ITJ608,,,,itj608
,HT28a,,,,I-TA-YA-[A608],ITAYA608,ITY608,,,,ity608
,HT28a,,,,I-TA-JA-[A302]+DI,ITAJA302DI,ITJ302D,,,,itj302d
,HT28a,,,,I-TA-YA-[A302]+DI,ITAYA302DI,ITY302D,,,,ity302d
,HT28b,Haghia Triada,,,A-SI-JA-KA,ASIJAKA,ASJK,,,,asjk
,HT28b,,,,A-SI-YA-KA,ASIYAKA,ASYK,,,,asyk
,HT28b,,,,U-MI,UMI,UM,,,,um
,HT28b,,,,NA-SI,NASI,NS,,,,ns
,HT28b,,,,SA-RYA-[AB120],SARYA120,SR120,,,,sr120
,HT28b,,,,[A302]-DI,302DI,302D,,,,302d
,HT28b,,,,NI,NI,N,,,,n
,HT28b,,,,[AB131A],131,131,,,,131
,HT28b,,,,PU-RYA,999RYA,999R,,,,999r
,HT28b,,,,NI,NI,N,,,,n
,HT28b,,,,JA-ME,JAME,JM,,,,jm
,HT28b,,,,YA-ME,YAME,YM,,,,ym
,HT28b,,,,JA-[AB021F],JA021,J021,,,,j021
,HT28b,,,,YA-[AB021F],YA021,Y021,,,,y021
,HT28b,,,,[AB131A]+DI,131DI,131D,,,,131d
,HT28b,,,,WI-DI-NA-[A302]+DI,WIDINA302DI,WDN302D,,,,wdn302d
,HT28b,,,,[AB131A],131,131,,,,131
,HT28b,,,,[A359],359,359,,,,359
,HT29,Haghia Triada,,,A-MA-TA,AMATA999,AMT999,,,,amt999
,HT29,,,,PA-JA-RE-[],PAJARE999,PJR999,,,,pjr999
,HT29,,,,PA-YA-RE-[],PAYARE999,PYR999,,,,pyr999
,HT29,,,,DI-JA-I,DIJAI,DJI,,,,dji
,HT29,,,,DI-YA-I,DIYAI,DYI,,,,dyi
,HT29,,,,SA-TI-MI,SATIMI,STM,,,,stm
,HT29,,,,SA-PI-MI,SAPIMI,SPM,,,,spm
,HT29,,,,[]-KI-TA,999KITA,999KT,,,,999kt
,HT29,,,,A-RE-DA-I,AREDAI,ARDI,,,,ardi
,HT29,,,,KA-DU-MA-NE,KADUMANE,KDMN,,,,kdmn
,HT30,Haghia Triada,,,SI,SI,S,,,,s
,HT30,,,,SA-RYA-[A303],SARYA303,SR303,,,,sr303
,HT30,,,,NI,NI,N,,,,n
,HT30,,,,[AB131A],131,131,,,,131
,HT30,,,,[A615],615,615,,,,615
,HT30,,,,[A302]+TA,302TA,302T,,,,302t
,HT30,,,,SA-RA-RA,SARARA,SRR,,,,srr
,HT30,,,,[AB023M],23,23,,,,23
,HT30,,,,KI-RO-[A303],KIRO303,KR303,,,,kr303
,HT30,,,,[AB131A],131,131,,,,131
,HT30,,,,[AB023M],23,23,,,,23
,HT30,,,,[]-[A302]+TA,999302TA,999302T,,,,999302t
,HT31,Haghia Triada,,,TI-SA,TISA,TS,,,,ts
,HT31,,,,PU-KO,PUKO,PK,,,,pk
,HT31,,,,SU-PU,SUPU,SP,,,,sp
,HT31,,,,KA-RO-[AB056],KARO056,KR056,,,,kr056
,HT31,,,,SA-JA-MA,SAJAMA,SJM,,,,sjm
,HT31,,,,SA-YA-MA,SAYAMA,SYM,,,,sym
,HT31,,,,[]-KI-DE-MA-TI-NA,999KIDEMATINA,999KDMTN,,,,999kdmtn
,HT31,,,,[]-KI-DE-MA-PI-NA,999KIDEMAPINA,999KDMPN,,,,999kdmpn
,HT31,,,,SU-NU-RA,SUNURA,SNR,,,,snr
,HT31,,,,PA-TE-QE,PATEQE,PTQ,,,,ptq
,HT32,Haghia Triada,,,PI,PI,P,,,,p
,HT32,,,,SA-RYA,SARYA,SR,,,,sr
,HT32,,,,SU-RE,SURE,SR,,,,sr
,HT33,Haghia Triada,,,SA-RYA,SARYA,SR,,,,sr
,HT33,,,,E+KA,EKA,EK,,,,ek
,HT33,,,,[A341]+PI,341PI,341P,,,,341p
,HT33,,,,[AB056]+QE,056QE,056Q,,,,056q
,HT33,,,,QE+[AB056],QE056,Q056,,,,q056
,HT34,Haghia Triada,,,DA-JU-TE-SI-[B259],DAJUTESI259,DJTS259,,,,djts259
,HT34,,,,DA-YU-TE-SI-[B259],DAYUTESI259,DYTS259,,,,dyts259
,HT34,,,,SA-RYA,SARYA,SR,,,,sr
,HT34,,,,MI-JA-KA,MIJAKA,MJK,,,,mjk
,HT34,,,,MI-YA-KA,MIYAKA,MYK,,,,myk
,HT34,,,,KI-RO,KIRO,KR,,,,kr
,HT35,Haghia Triada,,,TI-TI-KU,TITIKU,TTK,,,,ttk
,HT35,,,,I-KU-TA,IKUTA,IKT,,,,ikt
,HT35,,,,MI-JA-RU,MIJARU,MJR,,,,mjr
,HT35,,,,MI-YA-RU,MIYARU,MYR,,,,myr
,HT36,Haghia Triada,,,JE-DI-PI-[],JEDIPI999,JDP999,,,,jdp999
,HT36,,,,YE-DI-PI-[],YEDIPI999,YDP999,,,,ydp999
,HT36,,,,DU-ZU-WA,DUZUWA,DZW,,,,dzw
,HT37,Haghia Triada,,,MI-JA-RE,MIJARE,MJR,,,,mjr
,HT37,,,,MI-YA-RE,MIYARE,MYR,,,,myr
,HT37,,,,KA-KI,KAKI,KK,,,,kk
,HT37,,,,RE-SU-[],RESU999,RS999,,,,rs999
,HT37,,,,[]-KI-[A310]-RE,999KI310RE,999K310R,,,,999k310r
,HT37,,,,KI-RO-[A353]-KI,KIRO353KI,KR353K,,,,kr353k
,HT37,,,,A+DI,ADI,AD,,,,ad
,HT37,,,,A+NA,ANA,AN,,,,an
,HT38,Haghia Triada,,,A+KA,AKA,AK,,,,ak
,HT38,,,,KA+A,KAA,KA,,,,ka
,HT38,,,,KU+WA,KUWA,KW,,,,kw
,HT38,,,,WA-[A312],WA312,W312,,,,w312
,HT39,Haghia Triada,,,TA-I-[AB123],TAI123,TI123,,,,ti123
,HT39,,,,KU-RE-[],KURE999,KR999,,,,kr999
,HT39,,,,SA-MA-TI,SAMATI,SMT,,,,smt
,HT39,,,,KU-RO,KURO,KR,,,,kr
,HT40,Haghia Triada,,,NU-DU-[A331],NUDU331,ND331,,,,nd331
,HT40,,,,TE-[A120],TE120,T120,,,,t120
,HT40,,,,KI-RO-TA-[A120],KIROTA120,KRT120,,,,krt120
,HT40,,,,QE-TU,QETU,QT,,,,qt
,HT40,,,,MI-DA-NI,MIDANI,MDN,,,,mdn
,HT40,,,,PA-JA,PAJA,PJ,,,,pj
,HT40,,,,PA-YA,PAYA,PY,,,,py
,HT40,,,,TA-SE+SI-TE,TASESITE,TSST,,,,tsst
,HT40,,,,SA-RO,SARO,SR,,,,sr
,HT40,,,,SU-DU,SUDU,SD,,,,sd
,HT40,,,,RE-TU,RETU,RT,,,,rt
,HT43,Haghia Triada,,,MA-SI-DU,MASIDU,MSD,,,,msd
,HT43,,,,PA-[A342]-I,PA342I,P342I,,,,p342i
,HT44a,Haghia Triada,,,I-QA-DWO,IQADWO,IQD,,,,iqd
,HT46a,Haghia Triada,,,MU-RU-[],MURU999,MR999,,,,mr999
,Ht46a,,,,KU-RO,KURO,KR,,,,kr
,HT47a,Haghia Triada,,,KA-[]-TU,KA999TU,K999T,,,,k999t
,HT47a,,,,NA-TU,NATU,NT,,,,nt
,HT47a,,,,U-[]-PI,U999PI,U999P,,,,u999p
,HT47a,,,,KI-DA-RO-[],KIDARO999,KDR999,,,,kdr999
,HT47a,,,,MI-NU-MI,MINUMI,MNM,,,,mnm
,HT47b,Haghia Traida,,,RA-NA-RE-[],RANARE999,RNR999,,,,rnr999
,HT49a,Haghia Triada,,,SA-RYA-DU,SARYADU,SRD,,,,srd
,HT49a,,,,QA-RYA-DU,QARYADU,QRD,,,,qrd
,HT49a,,,,TA-NA-TI,TANATI,TNT,,,,tnt
,HT49a,,,,SU-KI,SUKI,SK,,,,sk
,HT49a,,,,TI-DU-NI,TIDUNI,TDN,,,,tdn
,HT49a,,,,[]-SI-RA,999SIRA,999SR,,,,999sr
,HT49a,,,,A-RU,ARU,AR,,,,ar
,HT49a,,,,TU-SU-PHU,TUSUPHU,TSP,,,,tsp
,HT51b,Haghia Triada,,,KU-MU-TA,KUMUTA,KMT,,,,kmt
,HT52,Haghia Triada,,,SA-MA,SAMA,SM,,,,sm
,HT52,,,,TE,TE,T,,,,t
,HT52,,,,DI-KA-KI-[],DIKAKI999,DKK999,,,,dkk999
,HT53a,Haghia Triada,,,SA-NE-[],SANE999,SN999,,,,sn999
,HT53b,Haghia Triada,,,KU-RO,KURO,KR,,,,kr
,HT54a,,,,KU-MI-NA-QE-[],KUMINAQE999,KMNQ999,,,,kmnq999
,HT54a,,,,[]-KI-MI-RA,999KIMIRA,999KMR,,,,999kmr
,HT55a,Haghia Triada,,,KI-RO,KIRO,KR,,,,kr
,HT55a,,,,MA-RE,MARE,MR,,,,mr
,HT55a,,,,TE,TE,T,,,,t
,HT55a,,,,SI-RU,SIRU,SR,,,,sr
,HT55b,Haghia Triada,,,[]-WE-JA,999WEJA,999WJ,,,,999wj
,HT55b,,,,[]-WE-YA,999WEYA,999WY,,,,999wy
,HT57a,Haghia Triada,,,DA-QE-RA-[],DAQERA999,DQR999,,,,dqr999
,HT58,Haghia Triada,,,QE-TI-RA-DU,QETIRADU,QTRD,,,,qtrd
,HT58,,,,[]-U-KI,999UKI,999UK,,,,999uk
,HT60,Haghia Triada,,,[]-TO-WA-TO,999TOWATO,999TWT,,,,999twt
,HT60,,,,QA+PU-[A709],QAPU709,QP709,,,,qp709
,HT61,Haghia Triada,,,MI-TI-[A579],MITI579,MT579,,,,mt579
,HT62,Haghia Triada,,,SA-RA,SARA,SR,,,,sr
,HT62,,,,TE,TE,T,,,,t
,HT62,,,,KA-KU,KAKU,KK,,,,kk
,HT62,,,,I-TI,ITI,IT,,,,it
,HT63,Haghia Triada,,,TE,TE,T,,,,t
,HT63,,,,KA-TI,KATI,KT,,,,kt
,HT63,,,,SU-PU,SUPU,SP,,,,sp
,HT64,Haghia Triada,,,KU-[]-NA,KU999NA,K999N,,,,k999n
,HT64,,,,RU-MA-[],RUMA999,RM999,,,,rm999
,HT66,Haghia Triada,,,TA-MI-[],TAMI999,TM999,,,,tm999
,HT67,Haghia Triada,,,KU-RO,KURO,KR,,,,kr
,HT73,Haghia Triada,,,PA-I-KI-[],PAIKI999,PIK999,,,,pik999
,HT73,,,,SA-RO-QE-[],SAROQE999,SRQ999,,,,srq999
,HT74,Haghia Triada,,,KU-RO,KURO,KR,,,,kr
,HT75,Haghia Triada,,,KA-RU,KARU,KR,,,,kr
,HT79,Haghia Triada,,,[]-TU-PA-RI,999TUPARI,999TPR,,,,999tpr
,HT79,,,,[]-KU-NI-[],999KUNI999,999KN999,,,,999kn999
,HT80,Haghia Triada,,,JU-RA,JURA,JRM,,,,jrm
,HT80,,,,YU-RA,YURA,YRM,,,,yrm
,HT81,Haghia Triada,,,A-SE,ASE,AS,,,,as
,HT81,,,,MI+JA+RU,MIJARU,MJR,,,,mjr
,HT81,,,,MI+YA+RU,MIYARU,MYR,,,,myr
,HT81,,,,RI-SU-MA-[A709]-KI,RISUMA709KI,RSM709K,,,,rsm709k
,HT84,Haghia Triada,,,JA-DU-[],JADU999,JD999,,,,jd999
,HT84,,,,YA-DU-[],YADU999,YD999,,,,yd999
,HT84,,,,[]-NI-TI,999NITI,999NITI,,,,999niti
,HT85a,Haghia Triada,,,A-DU,ADU,AD,,,,ad
,HT85a,,,,DA-RI-DA,DARIDA,DRD,,,,drd
,HT85a,,,,U-[A325]-ZA,U325ZA,U325Z,,,,u325z
,HT85a,,,,DA-SI,DASI,DS,,,,ds
,HT85a,,,,KU-[AB079]-NI,KU079NI,K079N,,,,k079n
,HT85a,,,,TE-KE,TEKE,TK,,,,tk
,HT85a,,,,DA-SI,DASI,DS,,,,ds
,HT85a,,,,KU-RO-[],KURO999,KR999,,,,kr999
,HT85b,Haghia Triada,,,KI-KI-RA-JA,KIKIRAJA,KKRJ,,,,kkrj
,HT85b,,,,KI-KI-RA-YA,KIKIRAYA,KKRY,,,,kkry
,HT85b,,,,KI-SI-TA,KISITA,KST,,,,kst
,HT85b,,,,QE-KA,QEKA,QK,,,,qk
,HT85b,,,,RO,RO,R,,,,r
,HT85b,,,,TE-TU-[],TETU999,TT999,,,,tt999
,HT85b,,,,KA,KA,K,,,,k
,HT85b,,,,DI,DI,D,,,,d
,HT85b,,,,[AB024]-ZA,024ZA,024Z,,,,024z
,HT85b,,,,SI-DI-SE,SIDISE,SDS,,,,sds
,HT85b,,,,WA-DU-NI-MI,WADUNIMI,WDNM,,,,wdnm
,HT85b,,,,MA-DI,MADI,MD,,,,md
,HT85b,,,,QA-[A310]-I,QA310I,Q310I,,,,q310i
,HT86a,Haghia Triada,,,A-KA-RU,AKARU,AKR,,,,akr
,HT86a,,,,KU-NI-SI,KUNISI,KNS,,,,kns
,HT86a,,,,SA-RU,SARU,SR,,,,sr
,HT86a,,,,DI-MA-RU,DIMARU,DMR,,,,dmr
,HT86a,,,,QA-RA-WA,QARAWA,QRW,,,,qrw
,HT86a,,,,A-DU,ADU,AD,,,,ad
,HT86a,,,,DA,DA,D,,,,d
,HT86a,,,,MI-NU-TE,MINUTE,MNT,,,,mnt
,HT86b,Haghia Triada,,,A-KA-RU,AKARU,AKR,,,,akr
,HT86b,,,,KU-NI-SI,KUNISI,KNS,,,,kns
,HT86b,,,,SA-RU,SARU,SR,,,,sr
,HT86b,,,,DI-MA,DIMA,DM ,,,,dm 
,HT87,Haghia Triada,,,TU-NE,TUNE,TN,,,,tn
,HT87,,,,MA-KA-RI-TE,MAKARITE,MKRT,,,,mkrt
,HT87,,,,PI-TA-KE-SI,PITAKESI,PTKS,,,,ptks
,HT87,,,,JA-RE-MI,JAREMI,JRM,,,,jrm
,HT87,,,,YA-RE-MI,YAREMI,YRM,,,,yrm
,HT87,,,,DI-KI-SE,DIKISE,DKS,,,,dks
,HT87,,,,QE-SU-PU,QESUPU,QSP,,,,qsp
,HT87,,,,KU-RU-KU,KURUKU,KRK,,,,krk
,HT87,,,,A-RA-[]-A-TU,ARA999ATU,AR999AT,,,,ar999at
,HT88,Haghia Triada,,,A-DU,ADU,AD,,,,ad
,HT88,,,,RE-ZA,REZA,RZ,,,,rz
,HT88,,,,KI-KI-NA,KIKINA,KKN,,,,kkn
,HT88,,,,[]-KI-RO,999KIRO,999KR,,,,999kr
,HT88,,,,KU-[]-[],KU999999,K999999,,,,k999999
,HT88,,,,KA-JU,KAJU,KJ,,,,kj
,HT88,,,,KA-YU,KAYU,KY,,,,ky
,HT88,,,,KU-[]-NU,KU999NU,K999N,,,,k999n
,HT88,,,,PA-JA-RE,PAJARE,PJR,,,,pjr
,HT88,,,,SA-MA-RO,SAMARO,SMR,,,,smr
,HT88,,,,DA-TA-RE,DATARE,DTR,,,,dtr
,HT88,,,,KU-RO,KURO,KR,,,,kr
,HT89,Haghia Triada,,,A-SA-RA,ASARA,ASR,,,,asr
,HT89,,,,MI+[A317]+QE,MI317QE,M317Q,,,,m317q
,HT89,,,,MA-I-MI,MAIMI,MIM,,,,mim
,HT89,,,,TA-RA,TARA,TR,,,,tr
,HT89,,,,KU-RO,KURO,KR,,,,kr
,HT90,Haghia Triada,,,I-KU-RI-NA-SA-RA,IKURINASARA,IKRNSR,,,,ikrnsr
,HT90,,,,NI,NI,N,,,,n
,HT90,,,,SI-RU-MA-RI-TA,SIRUMARITA,SRMRT,,,,srmrt
,HT90,,,,NI,NI,N,,,,n
,HT91,Haghia Triada,,,I-KA,IKA,IK ,,,,ik 
,HT91,,,,NU-[A304]-PA,NU304PA,N304P,,,,n304p
,HT91,,,,[A302]+KI-PA,302KIPA,302KP,,,,302kp
,HT91,,,,[A302]+U-PA,302UPA,302UP,,,,302up
,HT91,,,,A302+MI-PA,302MIPA,302MP,,,,302mp
,HT91,,,,PA-E,PAE,PE,,,,pe
,HT91,,,,TE-WE,TEWE,TW,,,,tw
,HT91,,,,[A302]+MI-PA-E-[],302MIPAE999,302MPE999,,,,302mpe999
,HT92,Haghia Triada,,,A-DU,ADU,AD,,,,ad
,HT92,,,,TE ,TE ,T,,,,t
,HT93a,Haghia Triada,,,[AB056]-NI-NA,056NINA,056NN,,,,056nn
,HT93a,,,,E+SE,ESE,ES,,,,es
,HT93a,,,,DI-WE-NA,DIWENA,DWN,,,,dwn
,HT93a,,,,E+SE,ESE,ES,,,,es
,HT93a,,,,KI-DI-NI,KIDINI,KDN,,,,kdn
,HT93a,,,,A-SE,ASE,AS,,,,as
,HT93a,,,,SA-RA,SARA,SR ,,,,sr 
,HT93a,,,,QA-QA-RU,QAQARU,QQR,,,,qqr
,HT93a,,,,MA-JU-KU,MAJUKU,MJK,,,,mjk
,HT93a,,,,MA-YU-KU,MAYUKU,MYK,,,,myk
,HT93a,,,,DA-RI-DA,DARIDA,DRD,,,,drd
,HT93a,,,,[AB056]-NI-NA,056NINA,056NN,,,,056nn
,HT93a,,,,PA-SE-JA,PASEJA,PSJ,,,,psj
,HT93a,,,,PA-SE-YA,PASEYA,PSY,,,,psy
,HT93b,Haghia Triada,,,KI-RO,KIRO,KR,,,,kr
,HT94a,,,,KA-PA,KAPA,KP,,,,kp
,HT94a,,,,KU-RO,KURO,KR,,,,kr
,HT94a,,,,SA-RA,SARA,SR,,,,sr
,HT94b,,,,KI-RO,KIRO,KR,,,,kr
,HT94b,,,,TU-MA,TUMA,TM,,,,tm
,HT94b,,,,PA-TA-NE,PATANE,PTN,,,,ptn
,HT94b,,,,WA-DI,WADI,WD,,,,wd
,HT94b,,,,KE-KI-RU,KEKIRU,KKR,,,,kkr
,HT94b,,,,SA-RU,SARU,SR,,,,sr
,HT94b,,,,KU-RO,KURO,KR,,,,kr
,HT94b,,,,RA-[]-WA-ME-TE,RA999WAMETE,R999WMT,,,,r999wmt
,HT94b,,,,[AB012F]-TU-[],012TU999,012T999,,,,012t999
,HT95a,,,,DA-DU-MA-TA,DADUMATA,DDMT,,,,ddmt
,HT95a,,,,DA-ME,DAME,DM,,,,dm
,HT95a,,,,MI-NU-TE,MINUTE,MNT,,,,mnt
,HT95a,,,,SA-RU,SARU,SR,,,,sr
,HT95a,,,,KU-NI-SU,KUNISU,KNS,,,,kns
,HT95a,,,,DI-WA-RU,DIWARU,DWR,,,,dwr
,HT95a,,,,QE-RA-U,QERAU,QRU,,,,qru
,HT95b,,,,A-DU,ADU,AD,,,,ad
,HT95b,,,,SA-RU,SARU,SR,,,,sr
,HT95b,,,,DA-ME,DAME,DM,,,,dm
,HT95b,,,,MI-NU-TE,MINUTE,MNT,,,,mnt
,HT95b,,,,KU-NI-SU,KUNISU,KNS,,,,kns
,HT95b,,,,DI-WA-RU,DIWARU,DWR,,,,dwr
,HT95b,,,,QE-RA-U,QERAU,QRU,,,,qru
,HT96a,,,,I-TI-TI-KU-NI,ITITIKUNI,ITTKN,,,,ittkn
,HT96a,,,,A-PA-RA-NE,APARANE,APRN,,,,aprn
,HT96a,,,,A-[AB123]-TE,A123TE,A123T,,,,a123t
,HT96a,,,,SI-MI-TA,SIMITA,SMT,,,,smt
,HT96a,,,,RU-SA,RU-SA,RS,,,,rs
,HT96a,,,,PI-TA-RA,PITARA,PTR,,,,ptr
,HT96a,,,,KU-MA-RO,KUMARO,KMR,,,,kmr
,HT96a,,,,[A323]-[A344],323344,323344,,,,323344
,HT96b,,,,A-PA-RA-NE,APARANE,APRN,,,,aprn
,HT96b,,,,QA-[AB118]-RA-RE,QA118RARE,Q118RR,,,,q118rr
,HT97a,,,,KA-RU,KARU,KR,,,,kr
,HT97a,,,,KA-NU-TI,KANUTI,KNT,,,,knt
,HT97a,,,,PA-U-[],PAU999,PU999,,,,pu999
,HT97a,,,,NA-TI,NATI,NT,,,,nt
,HT97a,,,,MA-DI,MADI,MD,,,,md
,HT97a,,,,TA-NI,TANI,TN,,,,tn
,HT97a,,,,WA-[],WA999,W999,,,,w999
,HT97b,,,,SA-[A332]-[],SA332999,S332999,,,,s332999
,HT98a,,,,WA,WA,W,,,,w
,HT98a,,,,TA-NA-TI,TANATI,TNT,,,,tnt
,HT98a,,,,DA-RE-DA-NA,DAREDANA,DRDN,,,,drdn
,HT98a,,,,TE-[A301],TE301,T301,,,,t301
,HT98a,,,,RO-KE,ROKE,RK,,,,rk
,HT98a,,,,KA-RI-[A310]-I,KARI310I,KR310I,,,,kr310i
,HT98b,,,,DA-RU-NE-TE,DARUNETE,DRNT,,,,drnt
,HT99a,,,,A-DU,ADU,AD,,,,ad
,HT99a,,,,SA-RA,SARA,SR,,,,sr
,HT99b,,,,DA-SI-[AB118],DASI118,DS118,,,,ds118
,HT99b,,,,ZU-DU,ZUDU,ZD,,,,zd
,HT99b,,,,RU-MA-TA,RUMATA,RMT,,,,rmt
,HT100,,,,KU-RO,KURO,KR,,,,kr
,HT100,,,,SA-RA,SARA,SR,,,,sr
,HT101,,,,ZU-[]-DI,ZUXDI,ZXD,,,,zxd
,HT101,,,,KU-[AB056],KU056,K056,,,,k056
,HT102,,,,KA-PA,KAPA,KP,,,,kp
,HT102,,,,SA-RA,SARA,SR,,,,sr
,HT102,,,,[AB056]-NI,056NI,056N,,,,056n
,HT102,,,,DA-RI-NA,DARINA,DRN,,,,drn
,HT102,,,,MA-ZU,MAZU,MZ,,,,mz
,HT102,,,,I-KA,IKA,IK,,,,ik
,HT102,,,,KU-RO,KURO,KR,,,,kr
,HT103,,,,DA-KU-SE-NE,DAKUSENE,DKSN,,,,dksn
,HT103,,,,DA-KU-NA,DAKUNA,DKN,,,,dkn
,HT103,,,,DA-KU-SE-NE,DAKUSENE,DKSN,,,,dksn
,HT103,,,,KI-RA,KIRA,KR,,,,kr
,HT104,,,,TA-PA,TAPA,TP,,,,tp
,HT104,,,,DA-KU-SE-NE-KI,DAKUSENEKI,DKSNK,,,,dksnk
,HT104,,,,I-DA-KI,IDAKI,IDK,,,,idk
,HT104,,,,PA-DA-TU-KI,PADATUKI,PDTK,,,,pdtk
,HT104,,,,KU-RO,KURO,KR,,,,kr
,HT105,,,,KA-PA,KAPA,KP,,,,kp
,HT105,,,,SA-RA,SARA,SR,,,,sr
,HT106,,,,MI-NU-TE,MINUTE,MNT,,,,mnt
,HT108,,,,KI-RE-TA-NA,KIRETANA,KRTN,,,,krtn
,HT108,,,,DI-NA-RO,DINARO,DNR,,,,dnr
,HT108,,,,DU-SU-NI,DUSUNI,DSN,,,,dsn
,HT109,,,,KU-RO,KURO,KR,,,,kr
,HT109,,,,A-RA-JU,ARAJU,ARJ,,,,arj
,HT109,,,,A-RA-YU,ARAYU,ARY,,,,ary
,HT110a,,,,SI-DU-[]-KU-MI,SIDU999KUMI,SD999KM,,,,sd999km
,HT110a,,,,KU-PA,KUPA,KP,,,,kp
,HT110a,,,,KU-RO,KURO,KR,,,,kr
,HT111a,,,,QE-KA,QEKA,QK,,,,qk
,HT111a,,,,QA-SA,QASA,QS,,,,qs
,HT111a,,,,QA-QA-RU,QAQARU,QQR,,,,qqr
,HT111a,,,,NI,NI,N,,,,n
,HT111b,,,,SA-DI,SADI,SD,,,,sd
,HT112a,,,,[AB021F],21,21,,,,21
,HT112a,,,,TU-PA,TUPA,TP,,,,tp
,HT113,,,,RA-RI-WA,RARIWA,RRW,,,,rrw
,HT113,,,,WI-SA,WISA,WS,,,,ws
,HT114a,,,,KI-RI-TA,KIRITA,KRT,,,,krt
,HT114a,,,,SA-RA,SARA,SR,,,,sr
,HT115a,,,,[AB047]-PU-RA-JA,047PURAJA,047PRJ,,,,047prj
,HT115a,,,,[AB047]-PU-RA-YA,047PURAYA,047PRY,,,,047pry
,HT115a,,,,RI-TA-MA-PU-WI,RITAMAPUWI,RTMPW,,,,rtmpw
,HT115a,,,,NA-[]-NE-MI-NA,NA999NEMINA,N999NMN,,,,n999nmn
,HT115a,,,,SE-KU-TU,SEKUTU,SKT,,,,skt
,HT115a,,,,PA-RA-NE,PARANE,PRN,,,,prn
,HT115a,,,,A-SE-JA,ASEJA,ASJ,,,,asj
,HT115a,,,,A-SE-YA,ASEYA,ASY,,,,asy
,HT115a,,,,KA-PO-RU,KAPORU,KPR,,,,kpr
,HT115b,,,,PA-RA-NE,PARANE,PRN,,,,prn
,HT115b,,,,TI-NU-JA,TINUJA,TNJ,,,,tnj
,HT115b,,,,TI-NU-YA,TINUYA,TNY,,,,tny
,HT115b,,,,NU-WI,NUWI,NW,,,,nw
,HT115b,,,,DU-[AB056]-NA,DU056NA,D056N,,,,d056n
,HT115b,,,,KU-RU-MA,KURUMA,KRM,,,,krm
,HT115b,,,,RA-TU-JA,RATUJA,RTJ,,,,rtj
,HT115b,,,,RA-TU-YA,RATUYA,RTY,,,,rty
,HT115b,,,,KU-TA,KUTA,KT,,,,kt
,HT116a,,,,U-TA-RO,UTARO,UTR,,,,utr
,HT116a,,,,KU-PA-JA,KUPAJA,KPJ,,,,kpj
,HT116a,,,,KU-PA-YA,KUPAYA,KPY,,,,kpy
,HT116a,,,,PU-RA,PURA,PR,,,,pr
,HT116a,,,,TU-[]-TE,TU999TE,T999T,,,,t999t
,HT116a,,,,SI-KI-NE,SIKINE,SKN,,,,skn
,HT116a,,,,QA-NU-MA,QANUMA,QNM,,,,qnm
,HT116b,,,,KU-RO,KURO,KR,,,,kr
,HT117a,,,,MA-KA-RI-TE,MAKARITE,MKRT,,,,mkrt
,HT117a,,,,KI-RO,KIRO,KR,,,,kr
,HT117a,,,,U-MI-NA-SI,UMINASI,UMNS,,,,umns
,HT117a,,,,U-SU,USU,US,,,,us
,HT117a,,,,MI-TU,MITU,MT,,,,mt
,HT117a,,,,KU-RA-QI,KURAQI,KRQ,,,,krq
,HT117a,,,,MA-RU,MARU,MR,,,,mr
,HT117a,,,,KU-RA-NU,KURANU,KRN,,,,krn
,HT117a,,,,TU-JU-MA,TUJUMA,TJM,,,,tjm
,HT117a,,,,TU-YU-MA,TUYUMA,TYM,,,,tym
,HT117a,,,,U-DI-MI,UDIMI,UDM,,,,udm
,HT117a,,,,MI-RU-TA-RA-RE,MIRUTARARE,MRTRR,,,,mrtrr
,HT117a,,,,TE-JA-RE,TEJARE,TJR,,,,tjr
,HT117a,,,,TE-YA-RE,TEYARE,TYR,,,,tyr
,HT117a,,,,NA-DA-RE,NADARE,NDR,,,,ndr
,HT117a,,,,KU-RO,KURO,KR,,,,kr
,HT117a,,,,KU-KU-DA-RA,KUKUDARA,KKDR,,,,kkdr
,HT117a,,,,KO-SA-I-TI,KOSAITI,KSIT,,,,ksit
,HT117a,,,,DA-MI-NU,DAMINU,DMN,,,,dmn
,HT117a,,,,DA-NE-KU-TI,DANEKUTI,DNKT,,,,dnkt
,HT117a,,,,KI-DA-RO,KIDARO,KDR,,,,kdr
,HT117b,,,,[AB021F]-TU-NE,021TUNE,012TN,,,,012tn
,HT117b,,,,KU-RE-JU,KUREJU,KRJ,,,,krj
,HT117b,,,,KU-RE-YU,KUREYU,KRY,,,,kry
,HT117b,,,,DI-KI-SE,DIKISE,DKS,,,,dks
,HT118,,,,I-MA-DI,IMADI,IMD,,,,imd
,HT118,,,,QA-QA-RU,QAQARU,QQR,,,,qqr
,HT118,,,,A-[A703D]-SU,A703SU,A703S,,,,a703s
,HT118,,,,[A703D]-RU-MA,703RUMA,703RM,,,,703rm
,HT118,,,,KU-RO,KURO,KR,,,,kr
,HT119,,,,RI-MI-SI,RIMISI,RMS,,,,rms
,HT119,,,,KO-JA,KOJA,KJ,,,,kj
,HT119,,,,KU-[AB056]-NA-TU,KU056NATU,K0567NT,,,,k0567nt
,HT119,,,,JA-[A345],JA345,J345,,,,j345
,HT119,,,,YA-[A345],YA345,Y345,,,,y345
,HT119,,,,JA-[AB047]+DA,JA047DA,J047D,,,,j047d
,HT119,,,,YA-[AB047]+DA,YA047DA,Y047D,,,,y047d
,HT119,,,,[]-TU,999TU,999T,,,,999t
,HT119,,,,KU-RO,KURO,KR,,,,kr
,HT120,,,,DA-QE-RA,DAQERA,DQR,,,,dqr
,HT120,,,,DA-[AB013],DA013,D013,,,,d013
,HT120,,,,DA-U-[AB049],DAU049,DU049,,,,du049
,HT120,,,,[A028B]-[A574],28574,28574,,,,28574
,HT120,,,,[A028B]-[A120]+PA,028120PA,028120P,,,,028120p
,HT120,,,,KI-SI-TA-NA-[A580],KISITANA580,KSTN580,,,,kstn580
,HT120,,,,KI-SI-TA-NA-[A120]+RO,KISITANA120RO,KSTN120R,,,,kstn120r
,HT120,,,,PA-I-TO,PAITO,PIT,,,,pit
,HT121,,,,KI-RI-TA,KIRITA,KRT,,,,krt
,HT121,,,,[A302]-QE-DI,302QEDI,302QD,,,,302qd
,HT121,,,,SA-RYA-[AB120],SARYA120,SR120,,,,sr120
,HT122a,,,,RA-RI,RARI,RR,,,,rr
,HT122a,,,,U-DE-ZA,U-DE-ZA,UDZ,,,,udz
,HT122a,,,,DA-SI,DASI,DS,,,,ds
,HT122a,,,,DI-I-TE-KI,DIITEKI,DITK,,,,ditk
,HT122a,,,,QA-[A310]-I,QA310I,Q310I,,,,q310i
,HT122a,,,,JA-MI-DA-RE,JAMIDARE,JMDR,,,,jmdr
,HT122a,,,,YA-MI-DA-RE,YAMIDARE,YMDR,,,,ymdr
,HT122a,,,,SI-DA-RE,SIDARE,SDR,,,,sdr
,HT122a,,,,NU-DI-RA,NUDIRA,NDR,,,,ndr
,HT122a,,,,PA-DE,PADE,PD,,,,pd
,HT122a,,,,KU-[AB056]-NU,KU056NU,K056N,,,,k056n
,HT122a,,,,PA-TA-NE,PATANE,PTN,,,,ptn
,HT122a,,,,[]-TU,999TU,999T,,,,999t
,HT122a,,,,DU-I-KU-[AB056]-NU,DUIKU056NU,DIK056N,,,,dik056n
,HT122a,,,,KU-RO,KURO,KR,,,,kr
,HT122a,,,,KU-DA,KUDA,KD,,,,kd
,HT122b,,,,JE-DI,JEDI,JD,,,,jd
,HT122b,,,,YE-DI,YEDI,YD,,,,yd
,HT122b,,,,[]-KI-TA,999KITA,999KT,,,,999kt
,HT122b,,,,A-RA-[]-U-DE-ZA,ARA999UDEZA,AR999UDZ,,,,ar999udz
,HT122b,,,,QA-QA-RU,QAQARU,QQR,,,,qqr
,HT122b,,,,DA-RE,DARE,DR,,,,dr
,HT122b,,,,KU-RO,KURO,KR,,,,kr
,HT122b,,,,PO-TO-KU-RO,POTOKURO,PTKR,,,,ptkr
,HT123a,,,,KI-TA-I,KITAI,KTI,,,,kti
,HT123a,,,,KI-RO,KIRO,KR,,,,kr
,HT123a,,,,PU-[AB131A]-[AB122],PU131122,P131122,,,,p131122
,HT123a,,,,KI-RO,KIRO,KR,,,,kr
,HT123a,,,,SA-RU-[AB122],SARU122,SR122,,,,sr122
,HT123a,,,,KI-RO,KIRO,KR,,,,kr
,HT123a,,,,DA-TU-[AB122],DATU122,DT122,,,,dt122
,HT123a,,,,KI-RO,KIRO,KR,,,,kr
,HT123a,,,,KU-RO-[AB122],KURO122,KR122,,,,kr122
,HT123a,,,,KU-RO,KURO,KR,,,,kr
,HT123a,,,,KI-RO,KIRO,KR,,,,kr
,HT123b,,,,TI-DA-TA,TIDATA,TDT,,,,tdt
,HT123b,,,,PI-SA,PISA,PS,,,,ps
,HT123b,,,,[AB188]-DU,188DU,188D,,,,188d
,HT123b,,,,TU-PA-DI-DA,TUPADIDA,TPDD,,,,tpdd
,HT123b,,,,KA-NA-[]-SI-DU-PA-DU-MA-I-NA,KANA999SIDUPADUMAINA,KN999SDPDMIN,,,,kn999sdpdmin
,HT123b,,,,KU-RO,KURO,KR,,,,kr
,HT123b,,,,KI-RO,KIRO,KR,,,,kr
,HT125a,,,,[A302]+KI,302KI,302K,,,,302k
,HT125a,,,,[A302]+U,302U,302U,,,,302u
,HT125a,,,,[A302]+MI,302MI,302M,,,,302m
,HT125a,,,,SA-RYA-[AB120],SARYA120,SR120,,,,sr120
,HT125b,,,,RE-TA-[AB574],RETA574,RT574,,,,rt574
,HT125b,,,,RE-TA-[AB120]+PA,RETA120PA,RT120P,,,,rt120p
,HT126a,,,,DA-NA-SI,DANASI,DNS,,,,dns
,HT126a,,,,A-NA-[],ANA999,AN999,,,,an999
,HT126a,,,,SI-DI-JA,SIDIJA,SDJ,,,,sdj
,HT126a,,,,SI-DI-YA,SI-DI-YA,SDY,,,,sdy
,HT126a,,,,U-[AB049],U049,U049,,,,u049
,HT127a,,,,DU-NE-MI,DUNEMI,DNM,,,,dnm
,HT127a,,,,[A629]-DA-[AB047]-KU,629DA047KU,629D047K,,,,629d047k
,HT127b,,,,KU-RO,KURO,KR,,,,kr
,HT127b,,,,KU-RO,KURO,KR,,,,kr
,HT128a,,,,PA-RA,PARA,PR,,,,pr
,HT128a,,,,TU-RU-NU-I,TURUNUI,TRNI,,,,trni
,HT128a,,,,WA-TU-MA-RE-[AB120]+KU,WATUMARE120KU,WTMR120K,,,,wtmr120k
,HT128a,,,,WA-TU-MA-RE-[A579],WATUMARE579,WTMR579,,,,wtmr579
,HT128a,,,,MI-TA-[A574],MITA574,MT574,,,,mt574
,HT128a,,,,MI-TA-[AB120]+PA,MITA120PA,MT120P,,,,mt120p
,HT128a,,,,MA-RI,MARI,MR,,,,mr
,HT128b,,,,RE-[]-[]-[A579],RE999999579,R999999579,,,,r999999579
,HT128b,,,,RE-[]-[]-[AB120]+KU,RE999999120KU,RE999999120K,,,,re999999120k
,HT129,,,,KI-RE-TA-[AB120],KIRETA120,KRT120,,,,krt120
,HT129,,,,TU-[AB021F],TU021,T021,,,,t021
,HT129,,,,NA-[AB120],NA120,N120,,,,n120
,HT130,,,,SA-RYA-[A303],SARYA303,SR303,,,,sr303
,HT130,,,,KU-RO,KURO,KR,,,,kr
,HT130,,,,SI-[A303],SI303,S303,,,,s303
,HT130,,,,SI-QA,SIQA,SQ,,,,sq
,HT130,,,,I-QA,IQA,IQ,,,,iq
,HT131b,,,,PO-TO-KU-RO,POTOKURO,PTKR,,,,ptkr
,HT132,,,,A-SE,ASE,AS,,,,as
,HT132,,,,QA-RE-TO,QARETO,QRT,,,,qrt
,HT135a,,,,NE-MI-NA,NEMINA,NMN,,,,nmn
,HT135a,,,,MI-TU,MITU,MT,,,,mt
,HT135a,,,,MI-KA,MIKA,MK,,,,mk
,HT135a,,,,NA-[]-NE,NA999NE,N999N,,,,n999n
,HT135b,,,,TA-NE,TANE,TN,,,,tn
,HT137,,,,TA-[AB120],TA120,T120,,,,t120
,HT140,,,,U-[AB034]-SI,U034SI,U034S,,,,u034s
,HT140,,,,[AB086]-SI-NI,086SINI,086SN,,,,086sn
,HT140,,,,JE-DI,JEDI,JD,,,,jd
,HT140,,,,YE-DI,YEDI,YD,,,,yd
,HT140,,,,U-[AB034]-SI,U034SI,U034S,,,,u034s
,HT140,,,,[AB086]-SI-[AB118]-KA,086SI118KA,086S118K,,,,086s118k
,HT140,,,,KA-[]-MA-[]-KA,KA999MA999KA,K999M999K,,,,k999m999k
,HT140,,,,KA-PA,KAPA,KP,,,,kp
,HT141,,,,A-RI,ARI,AR,,,,ar
,HT141,,,,RU-DI,RUDI,RD,,,,rd
,HT146,,,,RI-KA-TA,RIKATA,RKT,,,,rkt
,HT154a,,,,TU-ME-PA-JA,TUMEPAJA,TMPJ,,,,tmpj
,HT154a,,,,TU-ME-PA-YA,TUMEPAYA,TMPY,,,,tmpy
,HT154Ja,,,,NU-RE,NURE,NR,,,,nr
,HT154Ja,,,,NU-I,NUI,NI,,,,ni
,HT154Ja,,,,NU-TE,NUTE,NT,,,,nt
,KE1,Kea,,,KA-SA,KASA,KS,,,,ks
,KN1a,Knossos,,,JA-KU-TI-E,JAKUTIE,JKTE,,,,jkte
,KN1a,,,,YA-KU-TI-E,YAKUTIE,YKTE,,,,ykte
,KN1b,Knossos,,,JA-DU-RA-TI-E,JADURATIE,JDRTE,,,,jdrte
,KN1b,,,,YA-DU-RA-TI-E,YADURATIE,YDRTE,,,,ydrte
,KN2,Knossos,,,RU-NA,RUNA,RN,,,,rn
,KN2,,,,I+[A301],I301,I301,,,,i301
,KN22a,Knossos,,,SU-JU-TA-[],SUJUTA999,SJT999,,,,sjt999
,KN22a,,,,SU-YU-TA-[],SUYUTA999,SYT999,,,,syt999
,KN22a,,,,[]-KA-JE,999KAJE,999KJ,,,,999kj
,KN22a,,,,[]-KA-YE,999KAYE,999KY,,,,999ky
,KN22b,Knossos,,,PO-DI-[AB056],PODI056,PD056,,,,pd056
,KN22c,Knossos,,,MA-SU-MI,MASUMI,MSM,,,,msm
,KN28a & KN28b,Knossos,,,TE-[A7094]-[A310],TE709310,T709310,,,,t709310
,KN28a & KN28b,,,,SU+MI,SUMI,SM,,,,sm
,KN32a,Knossos,,,A-PA-[],APA999,AP999,,,,ap999
,KN32a,,,,[]-A-KA-TA,999AKATA,999AKT,,,,999akt
,KN32b,Knossos,,,[]-SA-PU,999SAPU,999SP,,,,999sp
,KN32b,,,,PA-[],PA999,P999,,,,p999
,KN32b,,,,[]-JA-SU,999JASU,999JS,,,,999js
,KN32b,,,,[]-YA-SU,999YASU,999YS,,,,999ys
,MA1a,Mallia,,,JE-I-DU-WI,JEIDUWI,JIDW,,,,jidw
,MA1a,,,,[AB047],47,47,,,,47
,MA1a,,,,YE-I-DU-WI,YEIDUWI,YIDW,,,,yidw
,MA1a,,,,QE-MA-MI-NU,QEMAMINU,QMMN,,,,qmmn
,MA1b,Mallia,,,A-MA,AMA,AM,,,,am
,MA1b,,,,[AB047],47,47,,,,47
,MA1b,,,,QE-MA-MI-NU,QEMAMINU,QMMN,,,,qmmn
,MA1c,Mallia,,,TI,TI,T,,,,t
,MA2a,Mallia,,,DU-RA,DURA,DR,,,,dr
,MA2b,Mallia,,,RE-TI,RETI,RT,,,,rt
,MA2b,,,,JA-KU,JAKU ,JK ,,,,jk 
,MA2b,,,,YA-KU ,YAKU ,YK ,,,,yk 
,MA2c,Mallia,,,U-NA-NA,UNANA,UNN,,,,unn
,MA2c,,,,[]-JA-MA-U-TI,999JAMAUTI,999JMUT,,,,999jmut
,MA2c,,,,[]-YA-MA-U-TI,999YAMAUTI,999YMUT,,,,999ymut
,MA4a,Mallia,,,TA-[A602],TA602,T602,,,,t602
,MA4b,Mallia,,,A-[]-JA,A999JA,A999J,,,,a999j
,MA4b,,,,A-[]-YA,A999YA,A999Y,,,MA4 - MA9 seems to be from a different genre from the rest of the tablets with symbol AB180 particularly important to the genre.,a999y
,PK1,Palaikastro,,,SI-[]-NE-TI,SI001NETI,S001NT,,,I placed the value 001 at the missing symbol because only one symbol is corrupted and may lend meaning to overall sentence,s001nt
,PK1,,,,KA-QA,KAQA,KQ,,,,kq
,PK1,,,,A-DU-ZA,ADUZA,ADZ,,,,adz
,PK1,,,,TA-TA-RE,TATARE,TTR,,,,ttr
,PK1,,,,TA-TI-TE,TATITE,TTT,,,,ttt
,PK1,,,,O-KA-MI-ZA-SI-I-NA,OKAMIZASIINA,OKMZSIN,,,,okmzsin
,PK1,,,,O-TE-JA,OTEJA,OTJ,,,,otj
,PK1,,,,O-TE-YA,OTEYA,OTY,,,,oty
,PK1,,,,RA-NA-TU-SU,RANATUSU,RNTS,,,,rnts
,PK1,,,,NI-MI,NIMI,NM,,,,nm
,PK1,,,,TU-SU,TUSU,TS,,,,ts
,PK1,,,,MA-TI-ZA-I-TE,MATIZAITE,MTZIT,,,,mtzit
,PK1,,,,MA-TE-TI,MATETI,MTT,,,,mtt
,PK1,,,,MA-KA-I-TA,MAKAITA,MKIT,,,,mkit
,PA1,Papoura,,,A-KU-JU-PA,AKUJUPA,AKJP,,,,akjp
,PA1,,,,A-KU-YU-PA,AKUYUPA,AKYP,,,,akyp
,PH1a,Phaistos,,,DI-RA-DI-NA-[A316]-[],DIRADINA316999,DRDN316999,,,,drdn316999
,PH1b,Phaistos,,,PA-[]-NI,PA999NI,P999N,,,,p999n
,PH2,Phaistos,,,A-SE-O-QI,ASEOQI,ASOQ,,,,asoq
,PH2,,,,RA-O-DI-KI,RAODIKI,RODK,,,,rodk
,PH2,,,,PI-RU-TI-JU,PIRUTIJU,PRTJ,,,,prtj
,PH2,,,,PI-RU-TI-YU,PIRUTIYU,PRTY,,,,prty
,PH2,,,,SE-SA-[AB056],SESA056,SS056,,,,ss056
,PH3a,Phaistos,,,PA-RA,PARA,PR,,,,pr
,PH3a,,,,[]-MA+A,999MAA,999MA,,,,999ma
,PH3a,,,,MA+MA,MAMA,MM,,,,mm
,PH3b,Phaistos,,,[]-MI+JA,999MIJA,999MJ,,,,999mj
,PH3b,,,,[]-MI-YA,999MIYA,999MY,,,,999my
,PH6,Phaistos,,,I-NA-WA,INAWA,INW,,,,inw
,PH6,,,,A-RI-I-[AB079]-RI-NI-TA-A-RI,ARII079RINITAARI,ARI079RNTAR,,,,ari079rntar
,PH6,,,,I-DA-[AB056]-I-SA-RI,IDA056ISARI,ID056ISR,,,,id056isr
,PH7a,Phaistos,,,DI-RA-JA-[],DIRAJA999,DRJ999,,,,drj999
,PH7a,,,,DI-RA-YA-[],DIRAYA999,DRY999,,,,dry999
,PH7a,,,,[]-U-DI-RI-KI-[],999UDIRIKI999,999UDRK999,,,,999udrk999
,PH7a,,,,[]-JA-RU-MA-NE-[],999JARUMANE999,999JRMN999,,,,999jrmn999
,PH7a,,,,[]-YA-RU-MA-NE-[],999YARUMANE999,999YRMN999,,,,999yrmn999
,PH7a,,,,[]-JA-SI-DA-RA,999JASIDARA,999JSDR,,,,999jsdr
,PH7a,,,,[]-YA-SI-DA-RA,999YASIDARA,999YSDR,,,,999ysdr
,PH7b,Phaistos,,,[]-DA-RA-[A709L]-[],999DARA70999,999DR709999,,,,999dr709999
,PH12c,Phaistos,,,TE,TE ,T,,,,t
,PH14a,Phaistos,,,NI-[A304]-JA-JA,NI304JAJA,N304JJ,,,,n304jj
,PH14a,,,,NI-[A304]-YA-YA,NI304YAYA,N304YY,,,,n304yy
,PH14b,Phaistos,,,MI-A,MIA,MA,,,,ma
,PH15a,Phaistos,,,MA-TE-RE,MATERE,MTR,,,,mtr
,PH16a,Phaistos,,,U-NI,UNI,UN,,,,un
,PH16b,Phaistos,,,JA-SA-[],JASA999,JS999,,,,js999
,PH16b,,,,YA-SA-[],YASA999,YS999,,,,ys999
,PH18a,Phaistos,,,WI-JA,WIJA,WJ,,,,wj
,PH18a,,,,WI-YA,WIYA,WY,,,,wy
,PH19,Phaistos,,,PI-O,PIO,PO,,,,po
,PH24,Phaistos,,,RO-E,ROE,RE,,,,re
,PH28a,Phaistos,,,JA-KI-[AB056],JAKI056,JK056,,,,jk056
,PH28a,,,,YA-KI-[AB056],YAKI056,YK056,,,,yk056
,PH28a,,,,A-RI-JA,ARIJA,ARJ,,,,arj
,PH28a,,,,A-RI-YA,ARIYA,ARY,,,,ary
,PH30,Phaistos,,,[]-MA-RE-RI-MI-DE,999MARERIMIDE,999MRRMD,,,,999mrrmd
,PH31a,Phaistos,,,MA-DI,MADI,MD,,,,md
,PH31a,,,,KU-[AB056]-NU,KU056NU,K056N,,,,k056n
,PH31a,,,,SI+RE-RE,SIRERE,SRR,,,,srr
,PH31a,,,,PA-TA-DA-[],PATADA999,PTD999,,,,ptd999
,PH31a,,,,KU-RO,KURO,KR,,,,kr
,PH31b,Phaistos,,,[]-DU-RI,999DURI,999DR,,,,999dr
,PH31b,,,,TE-RI,TERI,TR,,,,tr
,PH31b,,,,[]-RU-MA-TI,999RUMATI,999RMT,,,,999rmt
,PH31b,,,,[]-A-MI-DA-O,999AMIDAO,999AMDO,,,,999amdo
,PYR1,Pyrgos,,,TI-MA-RU-WI-TE-SE,TIMARUWITESE,TMRWTS,,,,tmrwts
,TY3b,Tylissos,,,KI-RA-SI,KIRASI,KRS,,,,krs
,TY3b,,,,[]-PI-KU-[AB079],999PIKU079,999PK079,,,,999pk079
,ZA1a,Zakros,,,I,I,I,,,,i
,ZA1a,,,,KI-RE-ZA,KIREZA,KRZ,,,,krz
,ZA1a,,,,NI,NI,NI,,,,ni
,ZA1a,,,,[A906]-ZA,906ZA,906Z,,,,906z
,ZA1b,Zakros,,,E-MI-[],EMI999,EM999,,,,em999
Gorila 2,GO Wc 1a,GO Wc 1a,Nodules,DA-SA-SU-MA-I-SE,DA-SA-SU-MA-I-SE,DASASUMAISE,DSSMIS,,,,dssmis
,GO Wc 1b,GO Wc 1b,Nodules,,,,,,,Variation on 'PA',
,Wa 1001-1005,Wa 1001-1005,Nodules,DA-KA,DA-KA,DAKA,DK,,,,dk
,Wa 1014-1018,Wa 1014-1018,Nodules, ,SI-KA,SIKA,SK,,,,sk
,Wa 1022,Wa 1022,Nodules,I-A301,I-[A301],I[A301],I[A301],,,,ia301
,We 1023/Wd 1024,We 1023/Wd 1024,Nodules,A704E,[A704E],[A704E],[A704E],,,,a704e
,Wa 1031,Wa 1031,Nodules,DA,DA,DA,D,,,,d
,Wa 1032-1121,Wa 1032-1121,Nodules,RO,RO,RO,R,,,,r
,Wa 1122-1130,Wa 1122-1130,Nodules,TE,TE,TE,T,,,,t
,Wa 1147-1149,Wa 1147-1149,Nodules,A,A,A,A,,,,a
,Wa 1150-1174,Wa 1150-1174,Nodules,I,I,I,I,,,,i
,Wa 1175-1266,Wa 1175-1266,Nodules,SI,SI,SI,S,,,,s
,Wa 1279-1281,Wa 1279-1281,Nodules,O,O,O,O,,,,o
,Wa 1282-1321,Wa 1282-1321,Nodules,JE,JE,JE,J,,,,j
,Wa 1337-1470,Wa 1337-1470,Nodules,KA,KA,KA,K,,,,k
,Wa 1486-1620,Wa 1486-1620,Nodules,KU,KU,KU,K,,,,k
,Wa 1635-1848,Wa 1635-1848,Nodules,A301,[A301],[A301],[A301],,,,a301
,,,,,,,,,,Wa1849-1854 cannot be identified,
,Wb 2002,Wb 2002,Nodules,RO,RO,RO,R,,,,r
,Wc 3001-3002,Wc 3001-3002,Nodules,PA-I-JA,PA-I-JA,PAIJA,PIJ,,,,pij
,,,,PA-I-YA,PA-I-YA,PAIYA,PIY,,,,piy
,Wc 3003,Wc 3003,Nodules,KA-RE-RO,KA-RE-RO,KARERO,KRR,,,,krr
,Wc 3007a,Wc 3007a,Nodules,WA-DI-NI,WA-DI-NI,WADINI,WDN,,,,wdn
,Wc 3007b,Wc 3007b,Nodules,RU-JA-TA-DI,RU-JA-TA-DI,RUJATADI,RJTD,,,,rjtd
,,,,RU-YA-TA-DI,RU-YA-TA-DI,RUYATADI,RYTD,,,,rytd
,Wc 3009a,Wc 3009a,Nodules,A333-DI-SU-KA,[A333]-DI-SU-KA,[A333]DISUKA,[A333]DSK,,,,a333dsk
,Wc 3009b,Wc 3009b,Nodules,AB188,[AB188],[AB188],[AB188],,,,ab188
,Wc 3013,Wc 3013,Nodules,AB188,[AB188],[AB188],[AB188],,,,ab188
,Wc 3014a,Wc 3014a,Nodules,KU-MI-NA,KU-MI-NA,KUMINA,KMN,,,,kmn
,Wc 3014b,Wc 3014b,Nodules,QE-X,QE-[],QEX,QX,,,,qx
,Wc 3015a,Wc 3015a,Nodules,KA-KU-PA,KA-KU-PA,KAKUPA,KKP,,,,kkp
,Wc 3015b,Wc 3015b,Nodules,A303,[A303],[A303],[A303],,,Cyperus,a303
,Wc 3019,Wc 3019,Nodules,WA,WA,WA,W,,,Variation on 'WA',w
,Wc 3020a,Wc 3020a,Nodules,AB188-DU,[AB188]-DU,[AB188]DU,[AB188]D,,,,ab188d
,Wc 3020b,Wc 3020b,Nodules,ZO-X,ZO-[],ZO[],Z[],,,,z
,,,,,,,,,,,
,KE Wc 2a,KE Wc 2a,Nodules,A703D,[A703D],[A703D],[A703D],,,Reflected,a703d
,KE Wc 2b,KE Wc 2b,Nodules,RO-RO,RO-RO,RORO,RR,,,,rr
,KN Wa 33a,KN Wa 33a,Nodules,QA-KI-[,QA-KI-[,QAKI[,QK[,,,,qk
,KN Wa 33b,KN Wa 33b,Nodules,NU-SE-[,NU-SE-[,NUSE[,NS[,,,,ns
,KN Wc 3,KN Wc 3,Nodules,]-KA-I-TI,]-KA-I-TI,]KAITI,]KIT,,,,kit
,KN Wc 24,KN Wc 24,Nodules,,,,,,,Cannot decipher,
,KN Wc 25,KN Wc 25,Nodules,KA,KA ,KA,K,,,,k
,MA Wc 5a,MA Wc 5a,Nodules,A-SA-DA-KA,A-SA-DA-KA,ASADAKA,ASDK,,,,asdk
,MA Wc 5b,MA Wc 5b,Nodules,AB120-4,[AB120],[AB120],[AB120],,,Wheat,ab120
,PH Wa 32,PH Wa 32,Nodules,SU-KI-X-TA,SU-KI-[]-TA,SUKI[]TA,SK[]T,,,,skt
,PH Wg 36,PH Wg 36,Nodules,TE,TE,TE,T,,,,t
,PH Wc 37a,PH Wc 37a,Nodules,KA-A314-SO,KA-[A314]-SO,KA[A314]SO,K[A314]S,,,,ka314s
,PH Wc 38,PH Wc 38,Nodules,A314-TA-MA,[A314]-TA-MA,[A314]TAMA,[A314]TM,,,,a314tm
,PH Wc 39a,PH Wc 39a,Nodules,JA-NA,JA-NA,JANA,JN,,,,jn
,,,,YA-NA,YA-NA,YANA,YN,,,,yn
,PH Wc 44,PH Wc 44,Nodules,AB021,[AB021],[AB021],[AB021],,,Sheep/QI,ab021
,PH Wc 46,PH Wc 46,Nodules,AB122-X,[AB122]-[],[AB122][],[AB122][],,,Olives,ab122
,PH Zb 47,PH Zb 47,Nodules,AB122,[AB122],[AB122],[AB122],,,,ab122
,ZA Wc 2,ZA Wc 2,Nodules,A-TI-KA-A-DU-KO-MI,A-TI-KA-A-DU-KO-MI,ATIKAADUKOMI,ATKADKM,,,,atkadkm
GORILA 3,ARKH001a,Arkhanes,Tablet,A-SU-MI-AB118,A-SU-MI-[118],ASUMI118,ASM118,,,Lines 4-6 only,asm118
,ARKH001a,,,NE-2-A707J-A-PA-[,NE-2-[A707J]-A-PA,NE707APA[,N707AP,,,,n707ap
,ARKH001a,,,MI-KI-SA-NE-[,MI-KI-SA-NE,MIKISANE[,MKSN,,,,mksn
,ARKH002,Arkhanes,Tablet,SI-DA-TE-KU-RA-AB131B,SI-DA-TE-KU-RA-[AB131B],SIDATEKURA131,SDTKR131,,,,sdtkr131
,ARKH002,,,A-SI-DA-TO-I-12,A-SI-DA-TO-I,ASIDATOI,ASDTI,,,,asdti
,ARKH002,,,AB079-A301-SE-DE-x-AB118-6,[AB079]-[A301]-SE-DE-[]-[AB118],079301SEDEx118,079301SD999118,,,,079301sd999118
,ARKH002,,,A-SU-PU-WA-4,A-SU-PU-WA,ASUPAWA,ASPW,,,,aspw
,ARKH002,,,RU-MI-x-x,RU-MI-[]-[],RUMIxx,RM999999,,,,rm999999
,ARKJ004a,Arkhanes,Tablet,]-NI-TA-[,NI-TA-,]NITA[,NT,,,,nt
,ARKJ004a,,,DE-SU-x-AB047-TE,DE-SU-[]-[AB047]-TE,DESUx047TE,SU999047T,,,,su999047t
,ARKJ004a,,,PI-TI-NE-A-[,PI-TI-NE-A-,PITINEA[,RU,,,,ru
,ARKH004b ,Arkhanes,Tablet,]-RE-U-[,RE-U,]REU[,DMI047,,,Too fragmented with too many missing signs to be used. ,dmi047
,ARKH004b ,,,]DE-MI-I-AB047-[,DE-MI-I-[AB047],DEMII047,AKR,,,,akr
,ARKH004b ,,,9-A-KI-RO-3,9-A-KI-RO,AKIRO,ZS04793,,,,zs04793
,ARKH004b ,,,ZA-SI-AB0479-[ ]-3,ZA-SI-[AB0479]-[],ZASI0479[],ZS0479,,,,zs0479
,ARKH005,Arkhanes,Tablet,A-JU-NI-TA-NA-41,A-JU-NI-TA-NA,AJUNITANA,AJNTN,,,Other lines have been excluded due to missing fragments,ajntn
,KH005,Khania,Tablet,A-DA-KI-SI-KA ,A-DA-KI-SI-KA ,ADAKISIKA,ADKSK,,,,adksk
,KH005,,,A-RA-U-DA,A-RA-U-DA,ARAUDA,ARUD,,,,arud
,KH005,,,WI-SA-SA-NE-A303-2,WI-SA-SA-NE-[A303],WISASANE303,WSSN303,,,,wssn303
,KH005,,,AB131B-x-2,[AB131B]-[],131x,131999,,,,131999
,KH005,,,WI-NA-DU,WI-NA-DU,WINADU,WND,,,,wnd
,KH005,,,A301-NA ,[A301]-NA ,301NA,301N,,,,301n
,KH005,,,KU-PA-QA-x-x-PA-NI-2,KU-PA-QA-[]-PA-NI,KUPAQAxxPANI,KPQ999999PN,,,,kpq999999pn
,KH005,,,A905-A702B,[A905]-[A702B],905702,905702,,,I only think it's A720B,905702
,KH007a,Khania,Tablet,]-NE-x-KI-x-4-A624-[,NE-[]-KI-[]-[]-[A624],]NExKIx624[,N999K99962,,,,n999k99962
,KH007a,,,]-I-A626-x-E-NA-SI,I-[A626]-[]-E-NA-SI,]626xENASI,I626999ENS,,,,i626999ens
,KH007a,,,I-JA-PA-ME,I-JA-PA-ME,IJAPAME,IJPM,,,,ijpm
,KH007a,,,TA-TA,TA-TA,TATA,TT,,,,tt
,KH007a,,,QA-TI-KI-A808-4,QA-TI-KI-[A808],QATIKI808,QTK808,,,,qtk808
,KH007a,,,A624-SE-A305-KU,A624-SE-[A305]-KU,624SE305KU,624S305K,,,,624s305k
,KH007a,,,x-KO-E-A808-x-8,[]-KO-E-[A808]-[],xKOE808x,999KE808999,,,,999ke808999
,KH007b,Khania,Tablet,U-TA-I-SE-A624-A707-[,U-TA-I-SE-[A624]-[A707],UTAISE624707,UTIS624707,,,,utis624707
,KH007b,,,]-PA-NA-TU-A624-A707,PA-NA-TU-[A624]-[A707],]PANATU624707,PNT624707,,,,pnt624707
,KH010,Khania,Tablet,I-PA-SA-JA ,I-PA-SA-JA ,IPASAJA,IPSJ,,,,ipsj
,KH010,,,QA-AB118-x-A-KI-PI,QA-[AB118]-[]-A-KI-PI,QA118xAKIPI,Q11999AKP,,,,q11999akp
,KH010,,,E-TE-AB120-90,E-TE-[AB120],ETE120,ET120,,,,et120
,KH011 ,Khania,Tablet,A-JU-x-ZA-A627-SU-3,A-JU-[]-ZA-[A627]-SU,AJUxZA627SU,AJ999Z627S,,,,aj999z627s
,KH011 ,,,A626-x-A7092L2-AB131A-PA-x-4,[A626]-[]-[A7092L2]-[AB131A]-PA-[],626x709 131PAx,626999709131P999,,,,626999709131p999
,KH011 ,,,A303-x-A348-A627,[A303]-[]-[A348]-[A627],303x348627,3.04E+11,,,,3.04E+11
,KH011 ,,,A7092L2-A-TO-A349-TO-I-A626-3,[A7092L2]-A-TO-[A349]-TO-I-[A626],709L2ATO349TOI626,709AT349TI626,,,,709at349ti626
,KH011 ,,,NI-AB131A-3-A-TA-A350,NI-[AB131A]-[]-A-TA-[A350],N131ATA350,131AT350,,,,131at350
,KH011 ,,,A301,[A301],301,301,,,,301
,KH011 ,,, x-SI-A627-A7092L2, []-SI-[A627]-[A7092L2],xSI627709L2,999S6277092,,,,999s6277092
,KH016,Khania,Tablet,U-TA-I-SI-A624,U-TA-I-SI-[A624],UTAISI624,UTIS624,,,[U-TA-I-SE-624] IS A RECURRENCE AAAAAAA,utis624
,ZA004a,Zakros,Tablet,JA-TO-JA,JA-TO-JA,JATOJA,JTJ,,,,jtj
,ZA004a,,,A-TI-RU-4,A-TI-RU,ATIRU4,ATR,,,,atr
,ZA004a,,,JA-x-x-TU-x-SE-18,JA-[ ]-TU-[ ]-SE,JAxxTUxSE18,J999T999S,,,,j999t999s
,ZA004a,,,QE-SI-ZU-E-4,QE-SI-ZU-E,QESIZUE4,QSZE,,,,qsze
,ZA004a,,,A028B-NU-MA-RE-13,[A028B]-NU-MA-RE,028NUMARE13,028NMR,,,,028nmr
,ZA004a,,,SI-PI-KI-5,SI-PI-KI,SIPIKI,SPK,,,,spk
,ZA004a,,,E-AB082-50,E-[AB082],E08250,E082,,,,e082
,ZA004a,,,KA-DI-3,KA-DI,KADI3,KD,,,,kd
,ZA005a,Zakros,Tablet,AB021F-AB118-1,[AB021F]-[AB118],21118,21118,,,,21118
,ZA005a,,,AB131A-SU-KI-NI-MA-7,[AB131A]-SU-KI-NI-MA,131SUKINIMA,131SKNM,,,,131sknm
,ZA005a,,,x-TA-NI-ZA-SE-6,[ ]-TA-NI-ZA-SE,xTANIZASE6,999TNZS,,,,999tnzs
,ZA005a,,,SA-MI-DA-E,SA-MI-DA-E,SAMIDAE,SMDE,,,,smde
,ZA005b,Zakros,Tablet,A028B-NU-MA-RE-20,[A028B]-NU-MA-RE,028NUMARE20,028NMR,,,,028nmr
,ZA005b,,,SI-PI-KI-1-A905,SI-PI-KI,SIPIKI1905,SPK905,,,possible transcription error?,spk905
,ZA005b,,,MA-KA-I-TA-3,MA-KA-I-TA,MAKAITA3,MKIT,,,,mkit
,ZA006a,Zakros,Tablet,A305-WA-NA-AB171-19,[A305]-WA-NA-[AB171],305WANA17119,305WN171,,,,305wn171
,ZA006a,,,AB034-JU-A574-MI-x-80,[AB034]-JU-[A574]-MI-[ ],034JU574MIx80,034J574M999,,,,034j574m999
,ZA006a,,,x-AB076-A574,[ ]-[AB076]-[A574],x076574,999076574,,,,999076574
,ZA006a,,,x-AB122,[ ]-[AB122],x122,999122,,,,999122
,ZA006a,,,TI-x,TI-[ ],Tix,T999,,,,t999
,ZA006a,,,I-SE,I-SE,ISE,IS,,,,is
,ZA006b,Zakros,Tablet,I-KU-JU-TI-A028B-A574-60,I-KU-JU-TI-[A028B]-[A574],IKUJUTI02857460,IKJT028574,,,,ikjt028574
,ZA006b,,,A594-40,[A594],59440,594,,,,594
,ZA006b,,,x-10,[ ],x10,999,,,,999
,ZA006b,,,A312-AB066-A574-40,[A312]-[AB066]-[A574],31206657440,312066574,,,,312066574
,ZA006b,,,PA-ZA-x,PA-ZA-[ ],PAZAx,PZ999,,,,pz999
,ZA006b,,,I-MA-x,I-MA-[ ],IMAx,IM999,,,,im999
,ZA007a,Zakros,Tablet,U-JU-SA-5,U-JU-SA,UJUSA5,UKS,,,,uks
,ZA007a,,,A-RA-TU-4,A-RA-TU,ARATU4,ART,,,,art
,ZA007a,,,A-RE-TU,A-RE-TU,ARETU,ART,,,,art
,ZA007b,Zakros,Tablet,A-MA,A-MA,AMA,AM,,,,am
,ZA008,Zakros,Tablet,KI-RA-1,KI-RA,KIRA1,KR,,,,kr
,ZA008,,,A-TA-RE-1,A-TA-RE,ATARE1,ATR,,,,atr
,ZA008,,,NI-A905,NI-[A905],NI905,N905,,,,n905
,ZA008,,,KU-TO-RE-A717DD-A-A703D,KU-TO-RE-[A717DD]-A-[A703D],KUTORE717A703,KTR717703,,,possible transcription error?,ktr717703
,ZA008,,,NI-TA-x-TA-I-NU-MA,NI-TA-[ ]-TA-I-NU-MA,NITAxTAINUMA,NT999TINM,,,,nt999tinm
,ZA008,,,PA-A905,PA-[A905],PA905,P905,,,,p905
,ZA008,,,MA-KA-I-SE-2-x,MA-KA-I-SE,MAKAISE2x,MKIS,,,,mkis
,ZA008,,,DA-I-PI-TA-2-A905,DA-I-PI-TA,DAIPITA2905,DIPT905,,,,dipt905
,ZA008,,,KA-I-RO-4-x,KA-I-RO,KAIRO4x,KIR999,,,possible transcription error?,kir999
,ZA009,Zakros,Tablet,NU-TI-1,NU-TI,NUTI1,NT,,,,nt
,ZA009,,,ZA,ZA,ZA,Z,,,,z
,ZA009,,,A802-A512-3,[A802]-[A512],8025123,802512,,,,802512
,ZA009,,,SI-A802-x,SI-[A802],SI802x,S802,,,,s802
,ZA009,,,SI-4,SI,SI4,S,,,,s
,ZA009,,,A-TA-x,A-TA-[ ],ATAx,AT999,,,,at999
,ZA009,,,A512-2,[A512],5122,512,,,,512
,ZA009,,,x-MA-JU-AB021F-2,[ ]-MA-JU-[AB021F],xMAJU0212,999MJ021,,,,999mj021
,ZA009,,,WI-A802-RE-MI-TE-AB021F-1,WI-[A802]-RE-MI-TE-[AB021F],WI802REMITE0211,W802RMT021,,,,w802rmt021
,ZA010a,Zakros,Tablet,TA-NA-TE-2,TA-NA-TE,TANATE2,TNT,,,,tnt
,ZA010a,,,A629-1,[A629],6291,629,,,,629
,ZA010a,,,A-KU-MI-NA-1,A-KU-MI-NA,AKUMINA1,AKMN,,,,akmn
,ZA010a,,,A-TA-NA-TE-1,A-TA-NA-TE,ATANATE1,ATNT,,,,atnt
,ZA010a,,,A-MI-DA-U-1,A-MI-DA-U,AMIDAU1,AMDU,,,,amdu
,ZA010a,,,DA-I-PI-TA-1,DA-I-PI-TA,DAIPITA1,DIPT,,,,dipt
,ZA010a,,,DU-RE-ZA-SE-2,DU-RE-ZA-SE,DUREZASE2,DRZS,,,,drzs
,ZA010b,Zakros,Tablet,WA-A362-2,WA-[A362],WA3622,W362,,,,w362
,ZA010b,,,DU-RE-ZA-SE-AB131B-5,DU-RE-ZA-SE-[AB131B],DUREZASE1315,DRZS131,,,,drzs131
,ZA010b,,,U-AB049-6,U-[AB049],U0496,U049,,,,u049
,ZA010b,,,MA-ZA-5,MA-ZA,MAZA5,MZ,,,,mz
,ZA010b,,,MA-KI-DE-TE-5,MA-KI-DE-TE,MAKIDETE5,MKDT,,,,mkdt
,ZA010b,,,SA-MA-5,SA-MA,SAMA5,SM,,,,sm
,ZA010b,,,A-DE-4,A-DE,ADE4,AD,,,,ad
,ZA010b,,,A-MI-TA-3,A-MI-TA,AMITA3,AMT,,,,amt
,ZA010b,,,AB076-RO-RE-2,[AB076]-RO-RE,076RORE2,076RR,,,,076rr
,ZA010b,,,PA-JA-RE-1,PA-JA-RE,PAJARE1,PJR,,,,pjr
,ZA010b,,,KA-KU-NE-TE-A905,KA-KU-NE-TE-[A905],KAKUNETE905,KKNT905,,,,kknt905
,ZA010b,,,TA-x-DU,TA-[ ]-DU,TAxDU,T999D,,,,t999d
,ZA011a,Zakros,Tablet,DI-DI-KO-RA-ME-x-AB066-x-1,DI-DI-KO-RA-ME-[ ]-[AB066]-[ ],DIDIKORAMEx066x1,DDKRM999066999,,,,ddkrm999066999
,ZA011a,,,A574-x,[A574]-[ ],574x,574999,,,,574999
,ZA011a,,,RA-MA-SI-x,RA-MA-SI-[ ],RAMASIx,RMS999,,,,rms999
,ZA011a,,,E-KU-RU-x,E-KU-RU-[ ],EKURUx,EKR999,,,,ekr999
,ZA011a,,,x-JU-A742LL2-AB131A-A707J-A555-4,[ ]-JU-[A742LL2]-[AB131A]-[A707J]-[A555],xJU7421317075554,999J742131707555,,,,999j742131707555
,ZA011a,,,KU-PA-1,KU-PA,KUPA1,KP,,,,kp
,ZA011a,,,x-1,[ ],x1,999,,,,999
,ZA011a,,,PI-A310-A,PI-[A310]-A,PI310A,P310A,,,,p310a
,ZA011b,Zakros,Tablet,E-TO-RI-I-1,E-TO-RI-I,ETORII1,ETRI,,,,etri
,ZA011b,,,SA-A301-RI-1,SA-[A301]-RI,SA301RI1,S301R,,,,s301r
,ZA011b,,,A574-1,[A574],5741,574,,,,574
,ZA011b,,,x-AB122,[ ]-[AB122],x122,999122,,,,999122
,ZA011b,,,I-DE,I-DE,IDE,ID,,,,id
,ZA011b,,,RA-2,RA,RA2,R,,,,r
,ZA011b,,,KU-x-A574-3,KU-[ ]-[A574],KUx5743,K999574,,,,k999574
,ZA014,Zakros,Tablet,ME-KI-DI-1,ME-KI-DI,MEKIDI1,MKD,,,,mkd
,ZA014,,,x-AB118-1,[ ]-[AB118],x1181,999118,,,possible transcription error?,999118
,ZA014,,,PU-x-A363-3,PU-[ ]-[A363],PUx3633,P999363,,,,p999363
,ZA014,,,QA-TI-JU-8,QA-TI-JU,QATIJU8,QTJ,,,,qtj
,ZA014,,,KU-PI-1,KU-PI,KUPI1,KP,,,,kp
,ZA014,,,TU-MI-TA-ZA-SE-45,TU-MI-TA-ZA-SE,TUMITAZASE45,TMTZS,,,,tmtzs
,ZA014,,,PA-NU-QE-2,PA-NU-QE,PANUQE2,PNQ,,,,pnq
,ZA014,,,JA-WI,JA-WI,JAWI,JW,,,,jw
,ZA015a,Zakros,Tablet,AB047-KU-NA-SA-AB131A,[AB047]-KU-NA-SA-[AB131A],047KUNASA131,047KNS131,,,,047kns131
,ZA015a,,,QE-SI-ZU-E-57,QE-SI-ZU-E,QESIZUE57,QSZE,,,,qsze
,ZA015a,,,I-E-NI-SA-10,I-E-NI-SA,IENISA10,IENS,,,,iens
,ZA015a,,,ME-AB131A,ME-[AB131A],ME131,M131,,,,m131
,ZA015a,,,MI-ZA-SE-3,MI-ZA-SE,MIZASE3,MZS,,,,mzs
,ZA015a,,,A028B-NU-MA-RE-6,[A028B]-NU-MA-RE,028NUMARE6,028NMR,,,,028nmr
,ZA015a,,,SI-x-KI-2-A905,SI-[ ]-KI,SIxKI2905,S999K905,,,,s999k905
,ZA015a,,,JA-SA-x-5,JA-SA-[ ],JASAx5,JS999,,,,js999
,ZA015a,,,SA-KI-DA-E-4,SA-KI-DA-E,SAKIDAE4,SKDE,,,,skde
,ZA015a,,,A364-KE-MA-SE-5,[A364]-KE-MA-SE,364KEMASE5,364KMS,,,,364kms
,ZA015b,Zakros,Tablet,KA-DI-1,KA-DI,KADI1,KD,,,,kd
,ZA015b,,,AB131A-3,[AB131A],1313,131,,,,131
,ZA015b,,,KU-RO-1,KU-RO,KURO1,KR,,,,kr
,ZA015b,,,AB131A-78,[AB131A],13178,131,,,,131
,ZA015b,,,A594-17,[A594],59417,594,,,,594
,ZA018a,Zakros,Tablet,DA-RE-KU-x-KU-x-1,DA-RE-KU-[ ]-KU-[ ],DAREKUxKU1,DRK999K999,,,,drk999k999
,ZA018a,,,A574-2-A717DD,[A574],5742717,574,,,,574
,ZA018a,,,A618-x,[A618],618x,618,,,,618
,ZA020,Zakros,Tablet,DU-x-ZA,DU-[ ]-ZA,DUxZA,D999Z,,,,d999z
,ZA020,,,SE-MI-x-4,SE-MI-[ ],SEMIx4,SM999,,,,sm999
,ZA020,,,SI-TE-TU-1,SI-TE-TU,SITETU1,STT,,,,stt
,ZA020,,,SI-TU-6,SI-TU,SITU6,ST,,,,st
,ZA020,,,TE-AB123-12,TE-[AB123],TE12312,T123,,,,t123
,ZA020,,,RU-MA-TA-SE-3,RU-MA-TA-SE,RUMATASE3,RMTS,,,,rmts
,ZA020,,,KU-RA-130,KU-RA,KURA130,KR,,,,kr
,ZA021a,Zakros,Tablet,x-ME,[ ]-ME,xME,999M,,,,999m
,ZA021a,,,PI-x-40,PI-[ ],PIx40,P999,,,,p999
,ZA021a,,,x-2,[ ],x2,999,,,,999
,ZA021a,,,TA-KE,TA-KE,TAKE,TK,,,,tk
,ZA021a,,,MA-x,MA-[ ],MAx,M999,,,,m999
,ZA021a,,,x-5,[ ]-5,x5,999,,,,999
,ZA021a,,,TA-MA-PI,TA-MA-PI,TAMAPI,TMP,,,,tmp
,ZA021a,,,A-x-AB118-MI,A-[ ]-[AB118]-MI,Ax118MI,A999118M,,,,a999118m
,ZA026a,Zakros,Tablet,x-TE-1,[ ]-TE,xTE1,999T,,,,999t
,ZA026a,,,DI-DI,DI-DI,DIDI,DD,,,,dd
,ZA026a,,,x-AB021F-7,[ ]-[AB021F],x0217,999021,,,,999021
,ZA026a,,,AB021F-13,[AB021F],2113,*021,,,,21
,ZA026a,,,JA-KI,JA-KI,JAKI,JK,,,,jk
David Diss 4,AP ZA 1 ,Apodoulou,Libation Bowl (Square),JA-TA-I-A301-U-JA-[,JA-TA-I[A301]-U-JA,JATAI301UJA,JTI301UJ,,,,jti301uj
,AP ZA 1 ,,,YA-TA-I-A301-U-YA-[,YA-TA-I-[A301]-U-YA,YATAI301UYA,YTI301UY,,,,yti301uy
,AP ZA 2,Apodoulou,Cylindrical Jar,]NA-SI ,NA-SI,NASI,NS,,,,ns
,AP ZA 2,,,I-PI-NA-MA [ x x x ] I-KU-PA-NA-TU-NA-TE,I-PI-NA-MA-[]-I-KU-PA-NA-TU-NA-TE,IPINAMA999999999IKUPANATUNATE,IPNM999999999IKPNTNT,,,,ipnm999999999ikpntnt
,AP ZA 2,,,]PI-MI-NA-TE,PI-MI-NA-TE,PIMINATE,PMNT,,,,pmnt
,AP ZA 2,,,I-NA-JA-RE-TA [ x x x ] -QA,I-NA-JA-RE-TA-[]-QA,INAJARETA999999999QA,INJRT999999999Q,,,,injrt999999999q
,AP ZA 2,,,I-NA-YA-RE-TA [ x x x ] -QA,I-NA-YA-RE-TA-[]-QA,INAYARETA999999999QA,INYRT999999999Q,,,,inyrt999999999q
,IO ZA 1,Iouktas,Ladle,A-JE-SA,A-JE-SA,AJESA,AJS,,,,ajs
,IO ZA 1,,,A-YE-SA,A-YE-SA,AYESA,AYS,,,,ays
,IO ZA 2,Iouktas,Libation Table (Square) (Mini),A-TA-I-A301-WA-JA ,A-TA-I-[A301]-WA-JA ,ATAI301WAJA,ATI301WJ,,,,ati301wj
,IO ZA 2,,,A-TA-I-A301-WA-YA,A-TA-I-[A301]-WA-YA,ATAI301WAYA,ATI301WY,,,,ati301wy
,IO ZA 2,,,JA-DI-KI-TU ,JA-DI-KI-TU ,JADIKITU,JDKT,,,,jdkt
,IO ZA 2,,,YA-DI-KI-TU  ,YA-DI-KI-TU  ,YADIKITU,YDKT,,,,ydkt
,IO ZA 2,,,JA-SA-SA-RA-[x x x ]-SI ,JA-SA-SA-RA-[]-SI ,JASASARA999999999SI,JSSR999999999S,,,,jssr999999999s
,IO ZA 2,,,YA-SA-SA-RA-[x x x ]-SI ,YA-SA-SA-RA-[]-SI ,YASASARA999999999SI,YSSR999999999S,,,,yssr999999999s
,IO ZA 2,,,I-PI-NA-MA,I-PI-NA-MA,IPINAMA,IPNM,,,,ipnm
,IO ZA 2,,,I-PI-NA-MA,I-PI-NA-MA,SIRUTE,SRT,,,,srt
,IO ZA 2,,,TA-NA-RA-TE-U-TI-NU ,TA-NA-RA-TE-U-TI-NU ,TANARATEUTININU,TNRTUTN,,,,tnrtutn
,IO ZA 2,,,I-DA-[,I-DA,IDA,ID,,,,id
,IO ZA 3,Iouktas,Libation Table (Circular),A-TA-I-A301-WA-JA ,A-TA-I-[A301]-WA-JA ,ATAI301WAJA,ATI301WJ,,,,ati301wj
,IO ZA 3,,,A-TA-I-A301-WA-YA ,A-TA-I-[A301]-WA-YA ,ATAI301WAYA,ATI301WY,,,,ati301wy
,IO ZA 3,,,AU,AU,AU,AU,,,,au
,IO ZA 4,Iouktas,Libation Table (Unknown),A301-WA,[A301]-WA,301WA,301W,,,,301w
,IO ZA 5,Iouktas,Votive Ladle or Lamp,]-I-JA-RE-DI-JA ,I-JA-RE-DI-JA ,IJAREDIJA,IJRDJ,,,,ijrdj
,IO ZA 5,,,]-I-YA-RE-DI-YA ,I-YA-RE-DI-YA ,IYAREDIYA,IYRDY,,,,iyrdy
,IO ZA 5,,,I-JA-PA-[,I-JA-PA,IJAPA,IJP,,,,ijp
,IO ZA 5,,,I-YA-PA-[,I-YA-PA,IYAPA[,IYP,,,,iyp
,IO ZA 6,Iouktas,Bowl or Cup (Mini),TA-NA-I-A301-U-TI-NU ,TA-NA-I-[A301]-U-TI-NU ,TANAI301UTINU,TNI301UTN,,,,tni301utn
,IO ZA 6,,,TA-NA-I-A301-U-TI-NU ,TA-NA-I-[A301]-U-TI-NU ,TANAI301UTINU,TNI301UTN,,,,tni301utn
,IO ZA 6,,,I-NA-TA-I-ZU-DI-SI-KA ,I-NA-TA-I-ZU-DI-SI-KA ,INATAIZUDISIKA,INTIZDSK,,,,intizdsk
,IO ZA 6,,,JA-SA-SA-RA-ME,JA-SA-SA-RA-ME,JASASARAME,JSSRM ,,,,jssrm 
,IO ZA 6,,,YA-SA-SA-RA-ME,YA-SA-SA-RA-ME,YASASARAME ,YSSRM ,,,,yssrm 
,IO ZA 7,Iouktas,Libation Bowl (Square),A-TA-I-A301-WA-JA ,A-TA-I-[A301]-WA-JA ,ATAI301WAJA,ATI301WJ,,,,ati301wj
,IO ZA 7,,,A-TA-I-A301-WA-YA ,A-TA-I-[A301]-WA-YA ,ATAI301WAYA,ATI301WY,,,,ati301wy
,IO ZA 7,,,JA-TI-A321[,JA-TI-[A321],JATI321[,JT321,,,,jt321
,IO ZA 7,,,YA-TI-A321[,YA-TI-[A321],YATI321[,YT321,,,,yt321
,IO ZA 8,Iouktas,Libation Table (Circular),] A-NA-TI-A301-WA-JA [,] A-NA-TI-[A301]-WA-JA,]ANATI301WAJA[,ANT301WJ,,,,ant301wj
,IO ZA 8,,,] A-NA-TI-A301-WA-YA [,] A-NA-TI-[A301]-WA-YA,]ANATI301WAYA[,ANT301WY,,,,ant301wy
,IO ZA 9,Iouktas,Libation Bowl (Square),JA-SA-SA-[ ,JA-SA-SA-[ ,JASASA[,JSS,,,,jss
,IO ZA 9,,,YA-SA-SA-[,YA-SA-SA,YASASA[,YSS,,,,yss
,IO ZA 9,,,U-NA-KA[,U-NA-KA,UNAKA[,UNK,,,,unk
,IO ZA 11,Iouktas,Libation Table (Square),]-NA-[ x ]-DA-DA-[ x x x ][,NA-[]-DA-DA-[],]NAXDADAXXX[,N999DD999999999,,,,n999dd999999999
,IO ZA 11,,,]-U-TI-NU,U-TI-NU,]UTINU,UTN,,,,utn
,IO ZA 11,,,I-NA-I-DA-[,I-NA-I-DA,INAIDA[,INID,,,,inid
,IO ZA 11,,,][ x x ],[],,,,,,
,IO ZA 12,Iouktas,Libation Table (Square) (Small),JA-SA-SA-RA-ME ,JA-SA-SA-RA-ME ,JASASARAME,JSSRM,,,,jssrm
,IO ZA 12,,,YA-SA-SA-RA-ME,YA-SA-SA-RA-ME,YASASARAME,YSSRM,,,,yssrm
,IO ZA 12,,,I-TI-[,I-TI,ITI[,IT,,,,it
,IO ZA 13,Iouktas,Libation Table (Square),][ x ]-MA-I-[,[]-MA-I,]XMAI[,999MI,,,,999mi
,IO ZA 14,Iouktas,Libation Table (Square),]-RU-TE ,RU-TE ,]RUTE,RT,,,,rt
,IO ZA 14,,,I-DI-[,I-DI,IDI[,ID,,,,id
,IO ZA 15,Iouktas,Libation Table (Square),] I-PI-NA-MA ,I-PI-NA-MA ,]IPINAMA,IPNM,,,,ipnm
,IO ZA 15,,,SI-RU-[,SI-RU,SIRU[,SR,,,,sr
,IO ZA 16,Iouktas,Libation Table (Square),]- A123 ,[A123],]123,123,,,,123
,IO ZA 16,,,]- A123  ,[A123]  ,]123,123,,,,123
,IO ZA 16,,,JA-SA-SA-RA-ME ,JA-SA-SA-RA-ME ,JASASARAME,JSSRM,,,,jssrm
,IO ZA 16,,,YA-SA-SA-RA-ME,YA-SA-SA-RA-ME,YASASARAME,YSSRM,,,,yssrm
,IO ZA 16,,,U-NA-RU-KA-[,U-NA-RU-KA,UNARUKA[,UNRK,,,,unrk
,KN ZA 10,Knossos,Libation Table (Square),]-TA-NU-MU-TI ,TA-NU-MU-TI ,]TANUMUTI,TNMT,,,,tnmt
,KN ZA 10,,,]-TA-NU-MU-TI ,TA-NU-MU-TI ,]TANUMUTI,TNMT,,,,tnmt
,KN ZA 10,,,JA-SA-SA-RA-MA,JA-SA-SA-RA-MA,JASASARAME,JSSRM,,,,jssrm
,KN ZA 10,,,YA-SA-SA-RA-MA,YA-SA-SA-RA-MA,YASASARAME,YSSRM,,,,yssrm
,KN ZA 10,,,NA ,NA ,NA,N,,,,n
,KN ZA 10,,,DA-WA- [ x ] DU-WA-TO,DA-WA-[]-DU-WA-TO,DAWAXDUWATO,DW999DWT,,,,dw999dwt
,KN ZA 10,,,I-JA[,I-JA,IJA[,IJ,,,,ij
,KN ZA 10,,,I-YA[,I-YA,IYA[,IY,,,,iy
,KN ZA 17,Knossos,Libation Table (Unknown),]-JA-QE ,JA-QE ,]JAQE,JQ,,,,jq
,KN ZA 17,,,]-YA-QE ,YA-QE ,]YAQE,YQ,,,,yq
,KN ZA 18,Knossos,Libation Table (Square),]-JA ,JA ,]JA,J,,,,j
,KN ZA 18,,,]-YA ,YA ,]YA,Y,,,,y
,KN ZA 18,,,[ x x x ]-JA ,JA ,XXXJA,999999999J,,,,999999999j
,KN ZA 18,,,[ x x x ]-YA ,YA ,XXXYA,999999999Y,,,,999999999y
,KN ZA 18,,,JA-WA[,JA-WA,JAWA[,JW,,,,jw
,KN ZA 18,,,YA-WA[,YA-WA,YAWA[,YW,,,,yw
,KN ZA 19,Knossos,Bowl or Cup (Mini),]-KE-JU-MI-[,KE-JU-MI,]KEJUMI[,KJM,,,,kjm
,KN ZA 19,,,]-KE-YU-MI-[,KE-YU-MI,]KEYUMI[,KYM,,,,kym
,KN ZA 19,,,]-AB118-MI-NA,[AB118]-MI-NA,]118MINA,188MN,,,,188mn
,KY ZA 2,Kythera,Ladle,DA-MA-TE,DA-MA-TE,DAMATE,DMT,,,,dmt
,PK ZA 4,Palaikastro,Cup (Conical),A-SA-SA-RA-[,A-SA-SA-RA,ASASARA[,ASSRM,,,[ migth be ME (recurring string JASASARAME),assrm
,PK ZA 4,,,]-NU ,NU ,]NU,N,,,,n
,PK ZA 4,,,PA3-E,[PA3]-E,PAE,PE,,,,pe
,PK ZA 8,Petsofas,Libation Table (Square)*,JA-DI-KI-TE-TE-A307-PU2-RE ,JA-DI-KI-TE-TE-[A307]-PU2-RE ,JADIKITETE307PURE,JDKTT307PUR,,,,jdktt307pur
,PK ZA 8,,,YA-DI-KI-TE-TE-A307-PU2-RE ,YA-DI-KI-TE-TE-[A307]-PU2-RE ,YADIKITETE307PURE,YDKTT307PUR,,,,ydktt307pur
,PK ZA 8,,,TU-ME-I,TU-ME-I,TUMEI,TMI,,,,tmi
,PK ZA 8,,,JA-SA-[ x x x ]U-NA-KA-NA-SI[,JA-SA-[]U-NA-KA-NA-SI,JASAXXXUNAKANASI[,JS999999999UNKNS,,,,js999999999unkns
,PK ZA 8,,,YA-SA-[ x x x ]U-NA-KA-NA-SI[,YA-SA-[]U-NA-KA-NA-SI,YASAXXXUNAKANASI[,YS999999999UNKNS,,,,ys999999999unkns
,PK ZA 8,,,I-PI-[,I-PI,IPI[,IP,,,,ip
,PK ZA 9,Petsofas,Libation Table (Unknown),] JA-U-PA-MA-I-DA-A301-DI-[,JA-U-PA-MA-I-DA-[A301]-DI,]JAUPAMAIDA301DI[,JUPMID301D,,,,jupmid301d
,PK ZA 9,,,] YA-U-PA-MA-I-DA-A301-DI-[,YA-U-PA-MA-I-DA-[A301]-DI,]YAUPAMAIDA301DI[,YUPMID301D,,,,yupmid301d
,PK ZA 10,Petsofas,Libation Table (Circular),]-SI ,SI ,]SI,S,,,,s
,PK ZA 10,,,I-PI-NA-MI-NA ,I-PI-NA-MI-NA ,IPINAMINA,IPNMN,,,,ipnmn
,PK ZA 10,,,SI-RU-[,SI-RU,SIRU[,SR,,,,sr
,PK ZA 11,Petsofas,Libation Table (Circular),A-TA-I-A301-WA-E ,A-TA-I-[A301]-WA-E ,ATAI301WAE,ATI301WE,,,,ati301we
,PK ZA 11,,,A-DI-KI-TE-TE-DU,A-DI-KI-TE-TE-DU,ADIKITETEDU,ADKTTD,,,,adkttd
,PK ZA 11,,,PU-RE ,PU-RE ,PURE,PR,,,,pr
,PK ZA 11,,,PI-TE-RI ,PI-TE-RI ,PITERI,PTR,,,,ptr
,PK ZA 11,,,A-KO-A-NE ,A-KO-A-NE ,AKOANE,AKAN,,,,akan
,PK ZA 11,,,A-SA-SA-RA-ME ,A-SA-SA-RA-ME ,ASASARAME,ASSRM,,,,assrm
,PK ZA 11,,,U-NA-RU-KA-NA-TI ,U-NA-RU-KA-NA-TI ,UNARUKANATI,UNRKNT,,,,unrknt
,PK ZA 11,,,I-PI-NA-MI-NA ,I-PI-NA-MI-NA ,IPINAMINA,IPNMN,,,,ipnmn
,PK ZA 11,,,SI-RU-DU ,SI-RU-DU ,SIRUDU,SRD,,,,srd
,PK ZA 11,,,I-NA-JA-PA-QA,I-NA-JA-PA-QA,INAJAPAQA,INJPQ,,,,injpq
,PK ZA 11,,,I-NA-YA-PA-QA,I-NA-YA-PA-QA,INAYAPAQA,INYPQ,,,,inypq
,PK ZA 12,Petsofas,Libation Table (Circular),A-TA-I-A301-WA-JA ,A-TA-I-[A301]-WA-JA ,ATAI301WAJA,ATI301WJ,,,,ati301wj
,PK ZA 12,,,A-TA-I-A301-WA-YA ,A-TA-I-[A301]-WA-YA ,ATAI301WAYA,ATI301WY,,,,ati301wy
,PK ZA 12,,,A-DI-KI-TE[ x x ,A-DI-KI-TE,ADIKITEXX,ADKT999999,,,,adkt999999
,PK ZA 12,,,x x ] SI-RU [ x x x x ]- RA-ME[,SI-RU-[]-RA-ME,XXSIRUXXXXRAME,999999SR999999999999RM,,,,999999sr999999999999rm
,PK ZA 12,,,A-[ x ]-A-NE ,A-[]-A-NE ,AXANE,A999AN,,,,a999an
,PK ZA 12,,,U-NA-RU-KA-NA-JA-SI ,U-NA-RU-KA-NA-JA-SI ,UNARUKANAJASI,UNRKNJS,,,,unrknjs
,PK ZA 12,,,A-PA-DU-PA-[ x x x x x ]-JA-[ x x ]-JA-PA-QA,A-PA-DU-PA-[]-JA-[]-JA-PA-QA,APADUPAXXXXXJAXXJAPAQA,APDP999999999999999J999999JPQ,,,,apdp999999999999999j999999jpq
,PK ZA 12,,,A-PA-DU-PA-[ x x x x x ]-YA-[ x x ]-YA-PA-QA,A-PA-DU-PA-[]-YA-[]-YA-PA-QA,APADUPAXXXXXYAXXYAPAQA,APDP999999999999999Y999999YPQ,,,,apdp999999999999999y999999ypq
,PK ZA 14,Petsofas,Libation Table (Square),]- TU-ME-I,TU-ME-I,]TUMEI,TMI,,,,tmi
,PK ZA 14,,,JA-SA-SA-[,JA-SA-SA,JASASA[,JSS,,,,jss
,PK ZA 14,,,YA-SA-SA-[,YA-SA-SA,YA-SA-SA-[,YSS,,,,yss
,PK ZA 15,Petsofas,Libation Table (Circular),]-JA ,JA ,]JA,J,,,,j
,PK ZA 15,,,]-YA ,YA ,]YA,Y999YDKTTDPR,,,,y999ydkttdpr
,PK ZA 15,,repeated PU2-RE,JA-DI-KI-TE-TE-DU-PU2-RE-[,JA-DI-KI-TE-TE-DU-[PU2]-RE,JADIKITETEDUPURE[,JDKTTDPR,,,,jdkttdpr
,PK ZA 15,,,YA-DI-KI-TE-TE-DU-PU2-RE-[,YA-DI-KI-TE-TE-DU-[PU2]-RE,YADIKITETEDUPURE[,YDKTTDPR,,,,ydkttdpr
,PK ZA 16,Petsofas,Libation Table (Square),]-TO-SA,TO-SA,]TOSA,TS,,,,ts
,PK ZA 16,,,PU2-RE-JA-[ x x ] ,PU2-RE-JA-[] ,PUREJAXX,PRJ999999,,,,prj999999
,PK ZA 16,,,PU2-RE-YA-[ x x ] ,PU2-RE-YA-[] ,PUREYAXX,PRY999999,,,,pry999999
,PK ZA 17,Pestofas,Libation Table (Square),] I-DA ,I-DA ,]IDA,ID,,,,id
,PK ZA 17,,,[ x ][,[],X[,999,,,,999
,PK ZA 18,Pestofas,Libation Table (Unknown),]-TE ,TE ,]TE,T,,,,t
,PK ZA 18,,,I-DA,I-DA,IDA ,ID ,,,,id 
,PK ZA 18,,,JA-JA-[,JA-JA,JAJA[,JJ,,,,jj
,PK ZA 18,,,YA-YA-[,YA-YA,YAYA[,YY,,,,yy
,PK ZA 20,Petsofas,Libation Table (Circular),]U-NA-KA-[,U-NA-KA,]UNAKA[,UNK,,,,unk
,PR ZA 1,Prasa,Stone Box,TA-NA-SU-TE-[ x ]-KE,TA-NA-SU-TE-[]-KE,TANASUTEXKE,TNST999K,,,,tnst999k
,PR ZA 1,,,SE-TO-I-JA,SE-TO-I-JA,SETOIJA,STIJ,,,,stij
,PR ZA 1,,,SE-TO-I-YA,SE-TO-I-YA,SETOIYA,STIY,,,,stiy
,PR ZA 1,,,A-SA-SA-RA-ME,A-SA-SA-RA-ME,ASASARAME,ASSRM,,,,assrm
,PS ZA 2,Psychro,Rectangular Libation Table,]- RE-I-KE,RE-I-KE,]REIKE,RIK,,,,rik
,PS ZA 2,,,TA-NA-I-A301-TI ,TA-NA-I-]A301]-TI,TANAI301TI,TNI301T,,,,tni301t
,PS ZA 2,,,[ x x x x x x ]-JA-T ,JA-T ,XXXXXXJA,,,,,
,PS ZA 2,,,[ x x x x x x ]-YA-T ,YA-T ,,,,,,
,PS ZA 2,,,JA-SA-SA-RA-ME,JA-SA-SA-RA-ME,JASASARAME,JSSRM,,,,jssrm
,PS ZA 2,,,YA-SA-SA-RA-ME,YA-SA-SA-RA-ME,YASASARAME,YSSRM,,,,yssrm
,SY ZA 1,Kato Syme,Libation Table (Circular),] A-TA-I-A301-WA-JA ,A-TA-I-[A301]-WA-JA ,]ATAI301WAJA,ATI301WJ,,,,ati301wj
,SY ZA 1,,,] A-TA-I-A301-WA-YA ,A-TA-I-A301-WA-YA ,]ATAI301WAYA,ATI301WY,,,,ati301wy
,SY ZA 1,,,I-DA-MI,I-DA-MI,IDAMI,IDM,,,,idm
,SY ZA 1,,,JA-[,JA,JA[,J,,,,j
,SY ZA 1,,,YA-[,YA,YA[,Y,,,,y
,SY ZA 2,Kato Syme,Libation Table (Square) side a,A-TA-I-A301-WA-JA ,A-TA-I-[A301]-WA-JA ,ATAI301WAJA,ATI301WJ,,,,ati301wj
,SY ZA 2,,,A-TA-I-A301-WA-YA,A-TA-I-[A301]-WA-YA,ATAI301WAYA,ATI301WY,,,,ati301wy
,SY ZA 2,,side a,JA-SU-MA-TU-AB122 ,JA-SU-MA-TU-[AB122] ,JASUMATU301,JSMT301,,,AB122 = olive,jsmt301
,SY ZA 2,,,YA-SU-MA-TU-AB122,YA-SU-MA-TU-[AB122],YASUMATU301,YSMT301,,,,ysmt301
,SY ZA 2,,side b,U-NA-KA-NA-SI-A302,U-NA-KA-NA-SI-[A302],UNAKANASI302,UNKNS302,,,AB302 = oil,unkns302
,SY ZA 2,,side d,A-JA,A-JA,AJA,AJ ,,,,aj 
,SY ZA 2,,,A-YA,A-YA,AYA,AY ,,,,ay 
,SY ZA 2,Kato Syme,Libation Table (Circular),A-TA-I-A301-WA-[8 signs] [ x x x ]-SE-KA-NA-SI-[ x ]-TE-[10 signs]SI-RU-TE,A-TA-I-[A301]-WA-[] []-SE-KA-NA-SI-[]-TE-[]SI-RU-TE,ATAI301WA[8 signs][xxx]SEKANASI[x]TE[10 signs]SIRUTE,ATI301W[8 signs][999999999]SKNS[999]T[10 signs]SRT,,,,ati301w[8 signs][999999999]skns[999]t[10 signs]srt
,SY ZA 4,Kato Syme,Libation Table (Circular),A-TA-I-A301-WA-JA ,A-TA-I-[A301]-WA-JA ,ATAI301WAJA,ATI301WJ,,,,ati301wj
,SY ZA 4,,,A-TA-I-A301-WA-YA,A-TA-I-[A301]-WA-YA,ATAI301WAYA,ATI301WY,,,,ati301wy
,SY ZA 4,,,JA-I-AB048-ZA,JA-I-[AB048]-ZA,JAI048ZA,JI048Z,,,,ji048z
,SY ZA 4,,,YA-I-AB048-ZA,YA-I-[AB048]-ZA,YAI048ZA,YI048Z,,,,yi048z
,SY ZA 4,,,PA3-NI-WI,[PA3]-NI-WI,PANIWI,PNW,,,,pnw
,SY ZA 5,Kato Syme,Libation Table (Circular),]-MI-JA ,MI-JA ,]MIJA,MJ,,,,mj
,SY ZA 5,,,]-MI-YA ,MI-YA ,]MIYA,MY,,,,my
,SY ZA 5,,,JA-WA-PA3-[,JA-WA-[PA3],JAWAPA[,JWP,,,,jwp
,SY ZA 5,,,YA-WA-PA3-[,YA-WA-[PA3],YAWAPA[,YWP,,,,ywp
,SY ZA 6,Kato Syme,Libation Table (Circular),DA-SE-RA-TE,DA-SE-RA-TE,DASERATE,DSRT,,,,dsrt
,SY ZA 8,Kato Syme,Libation Table (Circular),]- I-A301-WA-JA ,I-[A301]-WA-JA ,]I301WAJA,I301WJ,,,] might be A-TA as it is a recurring string,i301wj
,SY ZA 8,,,]- I-A301-WA-YA ,I-A301-WA-YA ,]I301WAYA,I301WY,,,,i301wy
,SY ZA 8,,,JA-JA-[,JA-JA,JAJA[,JJ,,,,jj
,SY ZA 8,,,YA-YA-[,YA-YA,YAYA[,YY,,,,yy
,SY ZA 9,Kato Syme,Libation Table (Circular),JA-PA-RA-JA-SE,JA-PA-RA-JA-SE,JAPARAJASE,JPRJS,,,,jprjs
,SY ZA 9,,,YA-PA-RA-YA-SE,YA-PA-RA-YA-SE,YAPARAYASE,YPRYS,,,,yprys
,SY ZA 10,Kato Syme,Libation Table (Circular),QA-SA-RA-KU,QA-SA-RA-KU,QASARAKU,QSRK,,,,qsrk
,SY ZA 11,Kato Syme,Libation Table (Circular),]-QA-RO ,QA-RO ,]QARO,QR,,,,qr
,SY ZA 12,Kato Syme,Libation Table (Circular),A-[,A,A[,A,,,,a
,TR ZA 1,Troullos,Ladle,A-TA-I-A301-WA-JA ,A-TA-I-[A301]-WA-JA ,ATAI301WAJA,ATI301WJ,,,,ati301wj
,TR ZA 1,,,A-TA-I-A301-WA-YA ,A-TA-I-[A301]-WA-YA ,ATAI301WAYA,ATI301WY,,,,ati301wy
,TR ZA 1,,,O-SU-QA-RE ,O-SU-QA-RE ,OSUQARE,OSQR,,,,osqr
,TR ZA 1,,,JA-SA-SA-RA-ME ,JA-SA-SA-RA-ME ,JASASARAME,JSSRM,,,,jssrm
,TR ZA 1,,,YA-SA-SA-RA-ME ,YA-SA-SA-RA-ME ,YASASARAME,YSSRM,,,,yssrm
,TR ZA 1,,,U-NA-KA-NA-SI[,U-NA-KA-NA-SI,UNAKANASI[,UNKNS,,,,unkns
,TR ZA 1,,,]-NA-MA  ,NA-MA  ,]NAMA,NM,,,,nm
,TR ZA 1,,,SI-RU ,SI-RU ,SIRU,SR,,,,sr
Gorila 5,HT Wa 1733 + 1845,Hagia Triada,Nodule,A301,[A301],[A301],[A301],,,,a301
,HT Wc 3022,Hagia Triada,Nodule,A100,,,,,,,
,HS Zg 1,Haghios Stephanos,Plaque,A-MA,A-MA,AMA,AM,,,,am
,IO Za 2,Iouktas,Libation Table,A-TA-I-A301-WA-JA,A-TA-I-[A301]-WA-JA,ATAI[A301]WAJA,ATI[A301]WJ,,,,atia301wj
,IO Za 2,,,JA-DI-KI-TU,JA-DI-KI-TU,JADIKITU,JDKT,,,,jdkt
,IO Za 2,,,JA-SA-SA-RA-ME,JA-SA-SA-RA-ME,JASASARAME,JSSRM,,,,jssrm
,IO Za 2,,,U-NA-KA-NA-SI,U-NA-KA-NA-SI,UNAKANASI,UNKNS,,,,unkns
,IO Za 2,,,I-PI-NA-MA,I-PI-NA-MA,IPINAMA,IPNM,,,,ipnm
,IO Za 2,,,SI-RU-TE,SI-RU-TE,SIRUTE,SRT,,,,srt
,IO Za 2,,,TA-NA-RA-TE-U-TI-NU,TA-NA-RA-TE-U-TI-NU,TANARATEUTINU,TNRTUTN,,,,tnrtutn
,IO Za 2,,,I-DA,I-DA,IDA,ID,,,,id
,IO Za 3,Iouktas,Libation Table,A-TA-I-A301-WA-JA,,,,,,,
,IO Za 3,,,AB085-[,[AB085]-[,[AB085][,[AB085][,,,AB085 is Linear B for 'AU',ab085
,IO ZA 4,Iouktas,Libation Table,]-A301-WA-[,]-[A301]-WA-[,][A301]WA[,][A301]W[,,,,a301w
,IO ZA 5,Iouktas,,]-I-JA-RE-DI-JA,]-I-JA-RE-DI-JA,]IJAREDIJA,]IJRDJ,,,,ijrdj
,IO ZA 5,,,]-I-YA-RE-DI-JA,]-I-YA-RE-DI-JA,]IYAREDIJA,]IYRDJ,,,,iyrdj
,IO ZA 5,,,I-JA-PA-[,I-JA-PA-[,IJAPA[,IJP[,,,,ijp
,IO ZA 5,,,I-YA-PA-[,I-YA-PA-[,IYAPA[,IYP[,,,,iyp
,IO Za 6,Iouktas,Cup,TA-NA-I-A301-U-TI-NU,TA-NA-I-[A301]-U-TI-NU,TANAI[A301]UTINU,TNI[A301]UTN,,,,tnia301utn
,IO Za 6,,,I-NA-TA-I-ZO-DI-SI-KA,I-NA-TA-I-ZO-DI-SI-KA,INATAIZODISIKA,INTIZDSK,,,,intizdsk
,IO Za 6,,,JA-SA-SA-RA-ME,JA-SA-SA-RA-ME,JASASARAME,JSSRM,,,,jssrm
,IO Za 7,Iouktas,Libation Table,A-TA-I-A301-WA-JA,A-TA-I-[A301]-WA-JA,ATAI[A301]WAJA,ATI[A301]WJ,,,,atia301wj
,IO Za 7,,,A-TA-I-A301-WA-YA,A-TA-I-[A301]-WA-YA,ATAI[A301]WAYA,ATI[A301]WY,,,,atia301wy
,IO Za 7,,,JA-TI-A321-[,JA-TI-[A321]-[,JATI[A321][,JT[A321][,,,,jta321
,IO Za 7,,,YA-TI-A321-[,YA-TI-[A321]-[,YATI[A321][,YT[A321][,,,,yta321
,IO Za 8,Iouktas,Libation Table,]-A-NA-TI-A301-WA-JA-[,]-A-NA-TI-[A301]-WA-JA-[,]ANATI[A301]WAJA[,]ANT[A301]WJ[,,,,anta301wj
,IO Za 8,,,]-A-NA-TI-A301-WA-YA-[,]-A-NA-TI-[A301]-WA-YA-[,]ANATI[A301]WAYA[,]ANT[A301]WY[,,,,anta301wy
,IO Za 9,Iouktas,Libation Table,U-NA-KA-NA-SI,U-NA-KA-NA-SI,UNAKANASI,UNKNS,,,,unkns
,IO Za 9,,,JA-SA-SA-RA-ME,JA-SA-SA-RA-ME,JASASARAME,JSSRM,,,,jssrm
,IO Zb 10,Iouktas,Altar Temple,]-A-SA-SA-RA-ME,]-A-SA-SA-RA-ME,]ASASARAME,]ASSRM,,,,assrm
,KH 79 + 89,Khania,Tablet,]-MI-NA-[,]-MI-NA-[,]MINA[,]MN[,,,,mn
,KH 79 + 89,,,]-PA-TA,]-PA-TA,]PATA,]PT,,,,pt
,KH 79 + 89,,,A-RA-[,A-RA-[,ARA[,AR[,,,,ar
,KH 79 + 89,,,]-PA-DA-NI,]-PA-DA-NI,]PADANI,]PDN,,,,pdn
,KH 88,Khania,Tablet,QA-NU-MA,QA-NU-MA,QANUMA,QNM,,,,qnm
,KH 88,,,AB021F-AB118,[AB021F]-[AB118],[AB021F][AB118],[AB021F][AB118],,,,ab021fab118
,KH 88,,,NI-10,NI,NI,N,,,Also Figs,n
,KH 88,,,PU-DE-8,PU-DE,PUDE,PD,,,,pd
,KH 90,Khania,Tablet,[]-JA-[,[]-JA-[,[]JA[,[]J[,,,,j
,KH 90,,,[]-YA-[,[]-YA-[,[]YA[,[]Y[,,,,y
,KH 90,,,MA-TA-RI-TA-[,MA-TA-RI-TA-[,MATARITA[,MTRT[,,,,mtrt
,KH 91,Khania,Tablet,AB120-1,[AB120],[AB120],[AB120],,,Also Wheat,ab120
,KH 91,,,ZO-[,ZO-[,ZO[,Z[,,,,z
,KH 91,,,]-PA,]-PA,]PA,]P,,,,p
,KH 91,,,TU,TU,TU,T,,,,t
,KH 91,,,NI-[,NI,NI,N,,,Also Figs,n
,KH 91,,,]-A651,]-[A651],][A651],][A651],,,,a651
,KH 91,,,A652-[,[A652]-[,[A652][,[A652][,,,,a652
,KH Wc 2044 + fr,,,AB164,[AB164],[AB164],[AB164],,,,ab164
,KH Wc 2115,Khania,,O ,O ,O,O,,,,o
,KH Wc 2118,Khania,,O ,O ,O,O,,,,o
,MA 10,Mallia,,]-RU,]-RU,]RU,]R,,,,r
,MA 10,,,A660-2,[A660],[A660],[A660],,,,a660
,MA 10,,,A658-4,[A658],[A658],[A658],,,,a658
,MA 10,,,A659-4,[A659],[A659],[A659],,,,a659
,MA 10,,,]-DU-PI-TE-WA,]DU-PI-TE-WA,]DUPITEWA,]DPTW,,,,dptw
,MA 10,,,A655-1,[A655],[A655],[A655],,,,a655
,MA 10,,,A658-3,[A658],[A658],[A658],,,,a658
,MA 10,,,A654-2,[A654],[A654],[A654],,,,a654
,MA 10,,,A412-VAS-2,[A412-VAS],[A412-VAS],[A412-VAS],,,,a412vas
,MA 10,,,A658-2,[A658],[A658],[A658],,,,a658
,MA 10,,,A655-3,[A655],[A655],[A655],,,,a655
,MA 10,,,A662,[A662],[A662],[A662],,,,a662
,MI 2,Milos,,PU-[,PU-[,PU[,P[,,,,p
,MI 2,,,]-DU-KA-[,]-DU-KA-[,]DUKA[,]DK[,,,,dk
,MI 2,,,A652-[,[A652]-[,[A652][,[A652][,,,,a652
,MI 2,,,]-KA-[,]-KA-[,]KA[,]K[,,,,k
,PYR 2,Pyrgos,Tablet,]-TI-[,]-TI-[,]TI[,]T[,,,,t
,SY Za 1,Symi,Libation Table,]-A-TA-I-A301-WA-JA,A-TA-I-[A301]-WA-JA,ATAI[A301]WAJA,ATI[A301]WJ,,,,atia301wj
,SY Za 1,,,I-DA-MI,I-DA-MI,IDAMI,IDM,,,,idm
,SY Za 1,,,JA-[,JA-[,JA[,J[,,,,j
,SY Za 2,Symi,Libation Table,A-TA-I-A301-WA-JA,A-TA-I-[A301]-WA-JA,ATAI[A301]WAJA,ATI[A301]WJ,,,,atia301wj
,SY Za 2,,,JA-SU-MA-TU,JA-SU-MA-TU,JASUMATU,JSMT,,,,jsmt
,SY Za 2,,,YA-SU-MA-TU,YA-SU-MA-TU,YASUMATU,YSMT,,,,ysmt
,SY Za 2,,,U-NA-KA-NA-SI,U-NA-KA-NA-SI,UNAKANASI,UNAKNS,,,,unakns
,SY Za 2,,,A-JA,A-JA,AJA,AJ,,,,aj
