,Identical matches,Row numbers,Linear A words,Source
0,a,864,A,Wa 1147-1149
1,a,1252,A,SY ZA 12
2,ad,295,AD,HT37
3,ad,381,AD,HT85a
4,ad,407,AD,HT86a
5,ad,423,AD,HT88
6,ad,452,AD,HT92
7,ad,488,AD,HT95b
8,ad,520,AD,HT99a
9,ad,1016,AD,ZA010b
10,ak,297,AK,HT38
11,akr,8,AKR,HT 2
12,akr,402,AKR,HT86a
13,akr,410,AKR,HT86b
14,akr,922,AKR,ARKH004b 
15,am,768,AM,MA1b
16,am,984,AM,ZA007b
17,am,1263,AM,HS Zg 1
18,an,296,AN,HT37
19,ar,70,AR,HT9A
20,ar,333,AR,HT49a
21,ar,735,AR,HT141
22,ar,1293,AR[,KH 79 + 89
23,ary,553,ARY,HT109
24,ary,836,ARY,PH28a
25,as,76,AS,HT9B
26,as,374,AS,HT81
27,as,459,AS,HT93a
28,as,719,AS,HT132
29,d,396,D,HT85b
30,d,408,D,HT86a
31,d,861,D,Wa 1031
32,dd,1079,DD,ZA026a
33,dk,36,DK,HT6B
34,dk,857,DK,Wa 1001-1005
35,dk,1325,]DK[,MI 2
36,dm,482,DM,HT95a
37,dm,490,DM,HT95b
38,dn,103,DN,HT11B
39,dr,45,DR,HT7A
40,dr,85,DR,HT10A
41,dr,665,DR,HT122b
42,dr,772,DR,MA2a
43,ds,93,DS,HT10B
44,ds,384,DS,HT85a
45,ds,387,DS,HT85a
46,ds,646,DS,HT122a
47,dy,43,DY,HT7A
48,dmn,612,DMN,HT117a
49,dwn,456,DWN,HT93a
50,dwr,486,DWR,HT95a
51,dwr,493,DWR,HT95b
52,es,455,ES,HT93a
53,es,457,ES,HT93a
54,i,850,I,ZA1a
55,i,865,I,Wa 1150-1174
56,id,1034,ID,ZA011b
57,id,1101,ID,IO ZA 2
58,id,1133,ID,IO ZA 14
59,id,1204,ID,PK ZA 17
60,id,1271,ID,IO Za 2
61,iry,41,IRY,HT7A
62,is,974,IS,ZA006a
63,it,358,IT,HT62
64,it,1130,IT,IO ZA 12
65,iy,1148,IY,KN ZA 10
66,k,395,K,HT85b
67,k,869,K,Wa 1337-1470
68,k,870,K,Wa 1486-1620
69,k,897,K,KN Wc 25
70,k,1327,]K[,MI 2
71,kd,171,KD,HT27A
72,kd,659,KD,HT122a
73,kd,961,KD,ZA004a
74,kd,1055,KD,ZA015b
75,kk,291,KK,HT37
76,kk,357,KK,HT62
77,kkr,476,KKR,HT94b
78,kn,142,KN,HT23A
79,kp,22,KP,HT6A
80,kp,59,KP,HT8B
81,kp,469,KP,HT94a
82,kp,529,KP,HT102
83,kp,545,KP,HT105
84,kp,555,KP,HT110a
85,kp,734,KP,HT140
86,kp,1027,KP,ZA011a
87,kp,1041,KP,ZA014
88,kr,3,KR,HT 1
89,kr,71,KR,HT9A
90,kr,82,KR,HT9B
91,kr,101,KR,HT11A
92,kr,107,KR,HT11B
93,kr,118,KR,HT13
94,kr,123,KR,HT15
95,kr,144,KR,HT23A
96,kr,172,KR,HT27A
97,kr,281,KR,HT34
98,kr,304,KR,HT39
99,kr,320,KR,Ht46a
100,kr,340,KR,HT53b
101,kr,343,KR,HT55a
102,kr,365,KR,HT67
103,kr,368,KR,HT74
104,kr,369,KR,HT75
105,kr,434,KR,HT88
106,kr,439,KR,HT89
107,kr,468,KR,HT93b
108,kr,470,KR,HT94a
109,kr,472,KR,HT94b
110,kr,478,KR,HT94b
111,kr,505,KR,HT97a
112,kr,525,KR,HT100
113,kr,535,KR,HT102
114,kr,539,KR,HT103
115,kr,544,KR,HT104
116,kr,551,KR,HT109
117,kr,556,KR,HT110a
118,kr,593,KR,HT116b
119,kr,595,KR,HT117a
120,kr,609,KR,HT117a
121,kr,623,KR,HT118
122,kr,632,KR,HT119
123,kr,658,KR,HT122a
124,kr,666,KR,HT122b
125,kr,669,KR,HT123a
126,kr,671,KR,HT123a
127,kr,673,KR,HT123a
128,kr,675,KR,HT123a
129,kr,677,KR,HT123a
130,kr,678,KR,HT123a
131,kr,684,KR,HT123b
132,kr,685,KR,HT123b
133,kr,699,KR,HT127b
134,kr,700,KR,HT127b
135,kr,714,KR,HT130
136,kr,842,KR,PH31a
137,kr,985,KR,ZA008
138,kr,1057,KR,ZA015b
139,kr,1069,KR,ZA020
140,ks,743,KS,KE1
141,kt,360,KT,HT63
142,kt,585,KT,HT115b
143,kw,299,KW,HT38
144,ky,429,KY,HT88
145,krn,99,KRN,HT11A
146,krn,601,KRN,HT117a
147,krm,582,KRM,HT115b
148,krs,848,KRS,TY3b
149,kdr,614,KDR,HT117a
150,krk,421,KRK,HT87
151,my,1240,MY,SY ZA 5
152,md,14,MD,HT 3
153,md,400,MD,HT85b
154,md,509,MD,HT97a
155,md,838,MD,PH31a
156,mn,1291,]MN[,KH 79 + 89
157,mm,807,MM,PH3a
158,mq,27,MQ,HT6A
159,mr,12,MR,HT 3
160,mr,344,MR,HT55a
161,mr,600,MR,HT117a
162,mr,707,MR,HT128a
163,ms,20,MS,HT 5
164,mt,598,MT,HT117a
165,mt,722,MT,HT135a
166,mtr,825,MTR,PH15a
167,mk,723,MK,HT135a
168,myr,285,MYR,HT35
169,myr,290,MYR,HT37
170,myr,376,MYR,HT81
171,mdn,309,MDN,HT40
172,n,205,N,HT28a
173,n,224,N,HT28b
174,n,227,N,HT28b
175,n,248,N,HT30
176,n,441,N,HT90
177,n,443,N,HT90
178,n,560,N,HT111a
179,n,1145,N,KN ZA 10
180,n,1162,N,PK ZA 4
181,n,1297,N,KH 88
182,n,1306,N,KH 91
183,nm,791,NM,PK1
184,nm,1259,NM,TR ZA 1
185,nw,580,NW,HT115b
186,ns,221,NS,HT28b
187,ns,894,NS[,KN Wa 33b
188,ns,1085,NS,AP ZA 2
189,nr,145,NR,HT23B
190,nr,740,NR,HT154Ja
191,nt,322,NT,HT47a
192,nt,508,NT,HT97a
193,nt,742,NT,HT154Ja
194,nt,918,NT,ARKJ004a
195,nt,994,NT,ZA009
196,r,178,R,HT27b
197,r,184,R,HT27b
198,r,393,R,HT85b
199,r,862,R,Wa 1032-1121
200,r,873,R,Wb 2002
201,r,1035,R,ZA011b
202,r,1312,]R,MA 10
203,rk,517,RK,HT98a
204,ts,258,TS,HT31
205,ts,792,TS,PK1
206,ts,1201,TS,PK ZA 16
207,w,513,W,HT98a
208,w,887,W,Wc 3019
209,y,1152,Y,KN ZA 18
210,y,1225,Y,SY ZA 1
211,y,1300,[]Y[,KH 90
212,p,268,P,HT32
213,p,1304,]P,KH 91
214,p,1324,P[,MI 2
215,pr,17,PR,HT 4
216,pr,589,PR,HT116a
217,pr,701,PR,HT128a
218,pr,805,PR,PH3a
219,pr,1177,PR,PK ZA 11
220,pk,259,PK,HT31
221,pt,1292,]PT,KH 79 + 89
222,ps,130,PS,HT18
223,ps,181,PS,HT27b
224,ps,680,PS,HT123b
225,py,311,PY,HT40
226,pd,64,PD,HT9A
227,pd,75,PD,HT9B
228,pd,653,PD,HT122a
229,pd,1298,PD,KH 88
230,ptr,500,PTR,HT96a
231,ptr,1178,PTR,PK ZA 11
232,qr,1251,QR,SY ZA 11
233,qrw,406,QRW,HT86a
234,qs,558,QS,HT111a
235,qt,39,QT,HT7A
236,qt,308,QT,HT40
237,rd,736,RD,HT141
238,rs,499,RS,HT96a
239,s,174,S,HT27b
240,s,177,S,HT27b
241,s,180,S,HT27b
242,s,183,S,HT27b
243,s,186,S,HT27b
244,s,246,S,HT30
245,s,866,S,Wa 1175-1266
246,s,998,S,ZA009
247,s,1172,S,PK ZA 10
248,sd,314,SD,HT40
249,sd,561,SD,HT111b
250,sdy,695,SDY,HT126a
251,sk,330,SK,HT49a
252,sk,858,SK,Wa 1014-1018
253,sm,37,SM,HT6B
254,sm,84,SM,HT10A
255,sm,336,SM,HT52
256,sm,757,SM,KN28a & KN28b
257,sm,1015,SM,ZA010b
258,sp,260,SP,HT31
259,sp,361,SP,HT63
260,sq,716,SQ,HT130
261,sr,63,SR,HT9A
262,sr,128,SR,HT17
263,sr,133,SR,HT19
264,sr,269,SR,HT32
265,sr,270,SR,HT32
266,sr,271,SR,HT33
267,sr,278,SR,HT34
268,sr,313,SR,HT40
269,sr,346,SR,HT55a
270,sr,355,SR,HT62
271,sr,404,SR,HT86a
272,sr,412,SR,HT86b
273,sr,471,SR,HT94a
274,sr,477,SR,HT94b
275,sr,484,SR,HT95a
276,sr,489,SR,HT95b
277,sr,521,SR,HT99a
278,sr,526,SR,HT100
279,sr,530,SR,HT102
280,sr,546,SR,HT105
281,sr,567,SR,HT114a
282,sr,1135,SR,IO ZA 15
283,sr,1174,SR,PK ZA 10
284,sr,1260,SR,TR ZA 1
285,st,1066,ST,ZA020
286,skn,591,SKN,HT116a
287,ssm,143,SSM,HT23A
288,sym,263,SYM,HT31
289,skr,54,SKR,HT8A
290,t,337,T,HT52
291,t,345,T,HT55a
292,t,356,T,HT62
293,t,359,T,HT63
294,t,453,T,HT92
295,t,771,T,MA1c
296,t,821,T,PH12c
297,t,863,T,Wa 1122-1130
298,t,901,T,PH Wg 36
299,t,1206,T,PK ZA 18
300,t,1305,T,KH 91
301,t,1328,]T[,PYR 2
302,tk,114,TK,HT13
303,tk,386,TK,HT85a
304,tk,1073,TK,ZA021a
305,tm,473,TM,HT94b
306,tn,23,TN,HT6A
307,tn,414,TN,HT87
308,tn,510,TN,HT97a
309,tn,725,TN,HT135b
310,tr,438,TR,HT89
311,tr,844,TR,PH31b
312,tt,46,TT,HT7A
313,tt,113,TT,HT13
314,tt,163,TT,HT26A
315,tt,937,TT,KH007a
316,tw,450,TW,HT91
317,tyr,607,TYR,HT117a
318,tp,540,TP,HT104
319,tp,563,TP,HT112a
320,um,220,UM,HT28b
321,un,165,UN,HT26A
322,un,826,UN,PH16a
323,us,597,US,HT117a
324,ws,565,WS,HT113
325,wd,21,WD,HT 5
326,wd,475,WD,HT94b
327,wy,830,WY,PH18a
328,yd,661,YD,HT122b
329,yd,730,YD,HT140
330,ym,191,YM,HT28a
331,ym,229,YM,HT28b
332,yw,1156,YW,KN ZA 18
