,Identical matches,Numbered_strings,Row number
0,"['khn', 'khn', 'knn', 'krn', 'ksn', 'ktn', 'kyn', 'khn', 'knn', 'krn', 'ksn', 'ktn', 'kyn', 'khn', 'knn', 'krn', 'ksn', 'ktn', 'kyn', 'khn', 'knn', 'krn', 'ksn', 'ktn', 'kyn']",k056n,6
1,"['dnd', 'dnd', 'hnd', 'ind']",056nd,38
2,"['ktn', 'ktn', 'btn', 'wtn', 'ytn']",021tn,47
3,"['drb', 'drb', 'drc', 'drk']",dr329,48
4,"['tb', 'tb', 'tc', 'tf', 'tg', 'th', 'tk', 'tl', 'tm', 'tn', 'tp', 'tq', 'tr', 'ts', 'tt', 'tw', 'ty', 'tb', 'tc', 'tf', 'tg', 'th', 'tk', 'tl', 'tm', 'tn', 'tp', 'tq', 'tr', 'ts', 'tt', 'tw', 'ty']",t301,52
5,"['sab', 'sab', 'saf', 'sap', 'sar', 'sbb', 'sbh', 'sbl', 'sbn', 'sbr', 'sbt', 'sby', 'sdf', 'sdy', 'sff', 'sfh', 'sgl', 'shf', 'shh', 'shl', 'shm', 'shn', 'shr', 'sht', 'sim', 'skl', 'skn', 'skr', 'slh', 'slk', 'slm', 'slp', 'slq', 'smb', 'smf', 'smh', 'smn', 'snb', 'snh', 'snk', 'son', 'sot', 'spy', 'sqm', 'srf', 'srh', 'ssg', 'ssm', 'ssn', 'stp', 'stw', 'sty', 'sub', 'sum', 'swh', 'swk', 'swn', 'sws', 'syb', 'syf', 'syl', 'sym', 'syr']",s029188,56
6,"['tt', 'tt', 'at', 'bt', 'ct', 'et', 'ft', 'gt', 'ht', 'it', 'kt', 'lt', 'mt', 'nt', 'pt', 'qt', 'st', 'wt', 'tt', 'at', 'bt', 'ct', 'et', 'ft', 'gt', 'ht', 'it', 'kt', 'lt', 'mt', 'nt', 'pt', 'qt', 'st', 'wt']",076t,65
7,"['adr', 'adr', 'hdr', 'idr', 'kdr', 'udr', 'adr', 'hdr', 'idr', 'kdr', 'udr']",301dr,68
8,"['kt', 'kt', 'kb', 'kc', 'kd', 'kf', 'kh', 'kk', 'kl', 'km', 'kn', 'kp', 'kr', 'ks', 'kw', 'ky']",k305,74
9,"['tr', 'tr', 'kr', 'ar', 'br', 'cr', 'dr', 'er', 'fr', 'gr', 'hr', 'ir', 'lr', 'mr', 'nr', 'pr', 'qr', 'sr', 'ur', 'wr', 'yr']",305r,89
10,"['tt', 'tt', 'at', 'bt', 'ct', 'et', 'ft', 'gt', 'ht', 'it', 'kt', 'lt', 'mt', 'nt', 'pt', 'qt', 'st', 'wt']",312t,95
11,"['qi', 'qi']",100i,102
12,"['rb', 'rb', 'rc', 'rd', 'rf', 'rg', 'rh', 'rk', 'rm', 'rq', 'rs', 'rw', 'ry']",r076,104
13,"['dsr', 'dsr', 'dsr']",ds118,116
14,"['pt', 'pt', 'pr', 'pc', 'pd', 'pg', 'ph', 'pk', 'pl', 'pn', 'pq', 'ps', 'pw', 'py']",p131,119
15,"['st', 'st', 'sr', 'sb', 'sd', 'sf', 'sg', 'sh', 'sk', 'sl', 'sm', 'sn', 'sp', 'sq', 'ss', 'sw', 'sy']",s011,126
16,"['st', 'st', 'sr', 'sb', 'sd', 'sf', 'sg', 'sh', 'sk', 'sl', 'sm', 'sn', 'sp', 'sq', 'ss', 'sw', 'sy']",s076,131
17,"['tw', 'tw', 'kw', 'rw', 'pw', 'sw', 'aw', 'bw', 'cw', 'dw', 'ew', 'gw', 'hw', 'iw', 'lw', 'mw', 'nw', 'yw']",131w,182
18,"['yr', 'yr', 'yw', 'yb', 'yc', 'yd', 'yl', 'ym', 'yp', 'yr', 'yw', 'yb', 'yc', 'yd', 'yl', 'ym', 'yp']",y021,193
19,"['tq', 'tq', 'rq', 'pq', 'sq', 'aq', 'cq', 'dq', 'mq', 'qq']",120q,195
20,"['tk', 'tk', 'kk', 'rk', 'pk', 'sk', 'ak', 'bk', 'ck', 'dk', 'fk', 'gk', 'hk', 'lk', 'mk', 'nk', 'wk', 'tk', 'kk', 'rk', 'pk', 'sk', 'ak', 'bk', 'ck', 'dk', 'fk', 'gk', 'hk', 'lk', 'mk', 'nk', 'wk']",302k,198
21,"['tm', 'tm', 'km', 'rm', 'sm', 'ym', 'am', 'cm', 'dm', 'em', 'gm', 'hm', 'im', 'lm', 'mm', 'nm', 'qm', 'um', 'wm', 'tm', 'km', 'rm', 'sm', 'ym', 'am', 'cm', 'dm', 'em', 'gm', 'hm', 'im', 'lm', 'mm', 'nm', 'qm', 'um', 'wm']",302m,200
22,"['tt', 'tt', 'at', 'bt', 'ct', 'et', 'ft', 'gt', 'ht', 'it', 'kt', 'lt', 'mt', 'nt', 'pt', 'qt', 'st', 'wt', 'tt', 'at', 'bt', 'ct', 'et', 'ft', 'gt', 'ht', 'it', 'kt', 'lt', 'mt', 'nt', 'pt', 'qt', 'st', 'wt']",302t,202
23,"['skl', 'skl', 'skn', 'skr', 'akb', 'akd', 'akr', 'bkr', 'ckl', 'ckm', 'ckn', 'dkr', 'ekm', 'ekr', 'fkr', 'hkl', 'hkm', 'hkr', 'hkw', 'hky', 'ikc', 'iky', 'kkl', 'kkr', 'lkm', 'mkl', 'mkr', 'mky', 'nkd', 'nkf', 'nkl', 'nkr', 'pkh', 'rkb', 'rkd', 'rky', 'tkc', 'tkn', 'tkr', 'ukk', 'wkb']",100k131,208
24,"['kd', 'kd', 'rd', 'pd', 'sd', 'yd', 'ad', 'bd', 'cd', 'dd', 'fd', 'gd', 'hd', 'id', 'ld', 'md', 'nd', 'ud', 'wd', 'kd', 'rd', 'pd', 'sd', 'yd', 'ad', 'bd', 'cd', 'dd', 'fd', 'gd', 'hd', 'id', 'ld', 'md', 'nd', 'ud', 'wd']",302d,213
25,"['srf', 'srf', 'srh', 'srf', 'srh', 'srf', 'srh']",sr120,222
26,"['tr', 'tr', 'kr', 'ar', 'br', 'cr', 'dr', 'er', 'fr', 'gr', 'hr', 'ir', 'lr', 'mr', 'nr', 'pr', 'qr', 'sr', 'ur', 'wr', 'yr']",999r,226
27,"['kd', 'kd', 'rd', 'pd', 'sd', 'yd', 'ad', 'bd', 'cd', 'dd', 'fd', 'gd', 'hd', 'id', 'ld', 'md', 'nd', 'ud', 'wd']",131d,232
28,"['srf', 'srf', 'srh', 'srf', 'srh']",sr303,247
29,"['krn', 'krn', 'krb', 'krc', 'krd', 'krh', 'krk', 'krm', 'krp', 'krs']",kr303,254
30,"['sbt', 'sbt', 'sht', 'sot', 'ant', 'brt', 'bwt', 'byt', 'cht', 'cpt', 'fht', 'frt', 'fwt', 'gwt', 'hbt', 'hlt', 'hnt', 'hpt', 'hwt', 'hyt', 'int', 'kwt', 'mct', 'mdt', 'mrt', 'mwt', 'myt', 'prt']",999302t,257
31,"['krn', 'krn', 'krb', 'krc', 'krd', 'krh', 'krk', 'krm', 'krp', 'krs']",kr056,261
32,"['tp', 'tp', 'kp', 'sp', 'yp', 'ap', 'cp', 'dp', 'gp', 'hp', 'lp', 'np', 'up', 'wp']",341p,273
33,"['tq', 'tq', 'rq', 'pq', 'sq', 'aq', 'cq', 'dq', 'mq', 'qq']",056q,274
34,"['qt', 'qt', 'qr', 'qi', 'qq', 'qm', 'qb', 'qc', 'qf', 'ql', 'qn', 'qs']",q056,275
35,"['rsp', 'rsp', 'rsw']",rs999,292
36,"['wt', 'wt', 'wr', 'wk', 'wm', 'wd', 'wp', 'wb', 'wc', 'wg', 'wh', 'wl', 'wn', 'ws', 'wy']",w312,300
37,"['krn', 'krn', 'krb', 'krc', 'krd', 'krh', 'krk', 'krm', 'krp', 'krs', 'krn', 'krb', 'krc', 'krd', 'krh', 'krk', 'krm', 'krp', 'krs']",kr999,302
38,"['ndw', 'ndw']",nd331,305
39,"['tb', 'tb', 'tc', 'tf', 'tg', 'th', 'tk', 'tl', 'tm', 'tn', 'tp', 'tq', 'tr', 'ts', 'tt', 'tw', 'ty', 'tb', 'tc', 'tf', 'tg', 'th', 'tk', 'tl', 'tm', 'tn', 'tp', 'tq', 'tr', 'ts', 'tt', 'tw', 'ty']",t120,306
40,"['mrt', 'mrt', 'mrg', 'mrh', 'mrk']",mr999,319
41,"['kwt', 'kwt']",k999t,321
42,"['dsr', 'dsr', 'bsr', 'hsr', 'ysr']",999sr,332
43,"['snb', 'snb', 'snh', 'snk']",sn999,339
44,"['cwy', 'cwy', 'dwy', 'gwy', 'hwy', 'lwy', 'nwy', 'qwy', 'twy']",999wy,348
45,"['qpc', 'qpc']",qp709,353
46,"['mtk', 'mtk', 'mtr']",mt579,354
47,"['khn', 'khn', 'knn', 'krn', 'ksn', 'ktn', 'kyn', 'khn', 'knn', 'krn', 'ksn', 'ktn', 'kyn']",k999n,362
48,"['rmk', 'rmk', 'rmn']",rm999,363
49,"['tmb', 'tmb', 'tmf', 'tms']",tm999,364
50,"['khn', 'khn', 'knn', 'krn', 'ksn', 'ktn', 'kyn']",k079n,385
51,"['skr', 'skr', 'akr', 'bkr', 'dkr', 'ekr', 'fkr', 'hkr', 'kkr', 'mkr', 'nkr', 'tkr']",999kr,426
52,"['khn', 'khn', 'knn', 'krn', 'ksn', 'ktn', 'kyn', 'kdr', 'kkl', 'kkr', 'krb', 'krc', 'krd', 'krh', 'krk', 'krm', 'krp', 'krs', 'kwt', 'kbh', 'kbl', 'kbr', 'kcb', 'kcf', 'kcm', 'kcr', 'kdh', 'khh', 'khp', 'klb', 'klc', 'klf', 'klh', 'klm', 'klp', 'kly', 'kmh', 'kml', 'kmy', 'knc', 'knh', 'knk', 'knm', 'knp', 'kny', 'ktm', 'ktr', 'kwd', 'kwl', 'kws', 'kyc', 'kyr', 'kys']",k999999,427
53,"['mqq', 'mqq']",m317q,436
54,"['rup', 'rup']",302up,447
55,"['gmp', 'gmp']",302mp,448
56,"['knn', 'knn', 'ann', 'cnn', 'enn', 'hnn', 'knn', 'ann', 'cnn', 'enn', 'hnn']",056nn,454
57,"['ktn', 'ktn', 'btn', 'wtn', 'ytn', 'stp', 'stw', 'sty', 'mtk', 'mtr', 'ktm', 'ktr', 'atw', 'btk', 'cth', 'ftk', 'ftq', 'fty', 'htk', 'htm', 'htr', 'ith', 'ntf', 'pth', 'ptk', 'ptr', 'pts', 'qtm', 'utl', 'wtf']",012t999,480
58,"['ant', 'ant']",a123t,497
59,"['pud', 'pud']",pu999,507
60,"['wt', 'wt', 'wr', 'wk', 'wm', 'wd', 'wp', 'wb', 'wc', 'wg', 'wh', 'wl', 'wn', 'ws', 'wy']",w999,511
61,"['sab', 'sab', 'saf', 'sap', 'sar', 'sbb', 'sbh', 'sbl', 'sbn', 'sbr', 'sbt', 'sby', 'sdf', 'sdy', 'sff', 'sfh', 'sgl', 'shf', 'shh', 'shl', 'shm', 'shn', 'shr', 'sht', 'sim', 'skl', 'skn', 'skr', 'slh', 'slk', 'slm', 'slp', 'slq', 'smb', 'smf', 'smh', 'smn', 'snb', 'snh', 'snk', 'son', 'sot', 'spy', 'sqm', 'srf', 'srh', 'ssg', 'ssm', 'ssn', 'stp', 'stw', 'sty', 'sub', 'sum', 'swh', 'swk', 'swn', 'sws', 'syb', 'syf', 'syl', 'sym', 'syr']",s332999,512
62,"['kt', 'kt', 'kb', 'kc', 'kd', 'kf', 'kh', 'kk', 'kl', 'km', 'kn', 'kp', 'kr', 'ks', 'kw', 'ky']",k056,528
63,"['tn', 'tn', 'kn', 'pn', 'sn', 'qn', 'wn', 'an', 'bn', 'cn', 'dn', 'en', 'fn', 'gn', 'hn', 'in', 'ln', 'mn', 'nn', 'un']",056n,531
64,"['dbn', 'dbn', 'dgn', 'dhn', 'dmn', 'dwn']",d056n,581
65,"['ktn', 'ktn', 'btn', 'wtn', 'ytn']",012tn,615
66,"['ads', 'ads', 'ams']",a703s,621
67,"['krm', 'krm', 'arm', 'brm', 'crm', 'grm', 'hrm', 'prm', 'qrm', 'wrm']",703rm,622
68,"['yr', 'yr', 'yw', 'yb', 'yc', 'yd', 'yl', 'ym', 'yp']",y345,628
69,"['tt', 'tt', 'at', 'bt', 'ct', 'et', 'ft', 'gt', 'ht', 'it', 'kt', 'lt', 'mt', 'nt', 'pt', 'qt', 'st', 'wt', 'tt', 'at', 'bt', 'ct', 'et', 'ft', 'gt', 'ht', 'it', 'kt', 'lt', 'mt', 'nt', 'pt', 'qt', 'st', 'wt', 'tt', 'at', 'bt', 'ct', 'et', 'ft', 'gt', 'ht', 'it', 'kt', 'lt', 'mt', 'nt', 'pt', 'qt', 'st', 'wt']",999t,631
70,"['dr', 'dr', 'dw', 'dq', 'dk', 'dm', 'dd', 'dp', 'dn', 'db', 'dc', 'df', 'dg', 'dh', 'dl', 'ds', 'dy']",d013,634
71,"['sap', 'sap', 'slp', 'stp', 'krp', 'rsp', 'khp', 'klp', 'knp', 'rup', 'gmp', 'cyp', 'hlp', 'lhp', 'qrp', 'trp', 'whp']",028120p,637
72,"['pkh', 'pkh', 'prt', 'pth', 'ptk', 'ptr', 'pts', 'pud', 'prm', 'pal', 'pcr', 'pdg', 'pgl', 'phc', 'phd', 'phl', 'phr', 'phs', 'pin', 'plc', 'plh', 'plk', 'pls', 'ply', 'pnk', 'prc', 'prd', 'prg', 'prh', 'prk', 'prq', 'psk', 'psq', 'pvs', 'pwd', 'pyk']",p131122,670
73,"['srf', 'srf', 'srh']",sr122,672
74,"['krn', 'krn', 'krb', 'krc', 'krd', 'krh', 'krk', 'krm', 'krp', 'krs']",kr122,676
75,"['kd', 'kd', 'rd', 'pd', 'sd', 'yd', 'ad', 'bd', 'cd', 'dd', 'fd', 'gd', 'hd', 'id', 'ld', 'md', 'nd', 'ud', 'wd']",188d,681
76,"['ant', 'ant', 'ann']",an999,693
77,"['ur', 'ur', 'um', 'ud', 'up', 'un', 'ub', 'uc', 'uf', 'ug', 'ul', 'us', 'ur', 'um', 'ud', 'up', 'un', 'ub', 'uc', 'uf', 'ug', 'ul', 'us']",u049,696
78,"['mtk', 'mtk', 'mtr']",mt574,705
79,"['tb', 'tb', 'tc', 'tf', 'tg', 'th', 'tk', 'tl', 'tm', 'tn', 'tp', 'tq', 'tr', 'ts', 'tt', 'tw', 'ty']",t021,711
80,"['nt', 'nt', 'nr', 'nw', 'nk', 'nm', 'nd', 'np', 'nn', 'nb', 'nc', 'nf', 'ng', 'nh', 'nl', 'ns', 'ny']",n120,712
81,"['st', 'st', 'sr', 'sb', 'sd', 'sf', 'sg', 'sh', 'sk', 'sl', 'sm', 'sn', 'sp', 'sq', 'ss', 'sw', 'sy']",s303,715
82,"['ncn', 'ncn', 'nwn']",n999n,724
83,"['ksn', 'ksn', 'ssn', 'wsn']",086sn,728
84,"['it', 'it', 'ir', 'iw', 'im', 'id', 'in', 'ib', 'ic', 'ig', 'il', 'is', 'iy']",i301,749
85,"['hky', 'hky', 'iky', 'mky', 'rky']",999ky,753
86,"['pdg', 'pdg']",pd056,754
87,"['tkc', 'tkc', 'tkn', 'tkr', 'twy', 'tmb', 'tmf', 'tms', 'trp', 'tab', 'tam', 'tay', 'tbk', 'tbl', 'tbn', 'tcr', 'tfl', 'thl', 'thm', 'thn', 'thr', 'tlm', 'tnq', 'tph', 'trb', 'trc', 'trh', 'trk', 'trr', 'trw', 'twh', 'twr', 'tyk', 'tyr', 'tys', 'tyw']",t709310,756
88,"['rsp', 'rsp']",999sp,760
89,"['pt', 'pt', 'pr', 'pc', 'pd', 'pg', 'ph', 'pk', 'pl', 'pn', 'pq', 'ps', 'pw', 'py', 'pt', 'pr', 'pc', 'pd', 'pg', 'ph', 'pk', 'pl', 'pn', 'pq', 'ps', 'pw', 'py']",p999,761
90,"['kys', 'kys', 'tys', 'dys', 'mys']",999ys,763
91,"['tb', 'tb', 'tc', 'tf', 'tg', 'th', 'tk', 'tl', 'tm', 'tn', 'tp', 'tq', 'tr', 'ts', 'tt', 'tw', 'ty']",t602,779
92,"['acy', 'acy', 'afy', 'ary']",a999y,781
93,"['pin', 'pin']",p999n,799
94,"['ssg', 'ssg', 'ssm', 'ssn']",ss056,804
95,"['kmy', 'kmy']",999my,809
96,"['ysr', 'ysr']",ys999,828
97,"['adr', 'adr', 'hdr', 'idr', 'kdr', 'udr']",999dr,843
98,"['at', 'at', 'ar', 'aw', 'aq', 'ak', 'am', 'ad', 'ap', 'an', 'ab', 'ac', 'af', 'ag', 'ah', 'al', 'as', 'at', 'ar', 'aw', 'aq', 'ak', 'am', 'ad', 'ap', 'an', 'ab', 'ac', 'af', 'ag', 'ah', 'al', 'as']",a301,871
99,"['abc', 'abc', 'abd', 'abk', 'abl', 'abn', 'abw', 'abc', 'abd', 'abk', 'abl', 'abn', 'abw']",ab188,881
100,"['at', 'at', 'ar', 'aw', 'aq', 'ak', 'am', 'ad', 'ap', 'an', 'ab', 'ac', 'af', 'ag', 'ah', 'al', 'as']",a303,886
101,"['akd', 'akd', 'abd', 'acd', 'add']",a703d,891
102,"['abc', 'abc', 'abd', 'abk', 'abl', 'abn', 'abw', 'abc', 'abd', 'abk', 'abl', 'abn', 'abw']",ab120,899
103,"['abc', 'abc', 'abd', 'abk', 'abl', 'abn', 'abw']",ab021,906
104,"['abc', 'abc', 'abd', 'abk', 'abl', 'abn', 'abw', 'abc', 'abd', 'abk', 'abl', 'abn', 'abw']",ab122,907
105,"['tn', 'tn', 'kn', 'pn', 'sn', 'qn', 'wn', 'an', 'bn', 'cn', 'dn', 'en', 'fn', 'gn', 'hn', 'in', 'ln', 'mn', 'nn', 'un']",301n,931
106,"['et', 'et', 'er', 'ew', 'em', 'en', 'eb', 'el', 'es']",e082,960
107,"['tb', 'tb', 'tc', 'tf', 'tg', 'th', 'tk', 'tl', 'tm', 'tn', 'tp', 'tq', 'tr', 'ts', 'tt', 'tw', 'ty']",t999,973
108,"['imn', 'imn']",im999,980
109,"['nt', 'nt', 'nr', 'nw', 'nk', 'nm', 'nd', 'np', 'nn', 'nb', 'nc', 'nf', 'ng', 'nh', 'nl', 'ns', 'ny']",n905,987
110,"['pt', 'pt', 'pr', 'pc', 'pd', 'pg', 'ph', 'pk', 'pl', 'pn', 'pq', 'ps', 'pw', 'py']",p905,990
111,"['st', 'st', 'sr', 'sb', 'sd', 'sf', 'sg', 'sh', 'sk', 'sl', 'sm', 'sn', 'sp', 'sq', 'ss', 'sw', 'sy']",s802,997
112,"['atw', 'atw']",at999,999
113,"['wt', 'wt', 'wr', 'wk', 'wm', 'wd', 'wp', 'wb', 'wc', 'wg', 'wh', 'wl', 'wn', 'ws', 'wy']",w362,1010
114,"['trr', 'trr', 'err']",076rr,1018
115,"['sar', 'sar', 'sbr', 'shr', 'skr', 'syr']",s301r,1031
116,"['khn', 'khn', 'knn', 'krn', 'ksn', 'ktn', 'kyn', 'kdr', 'kkl', 'kkr', 'krb', 'krc', 'krd', 'krh', 'krk', 'krm', 'krp', 'krs', 'kwt', 'kbh', 'kbl', 'kbr', 'kcb', 'kcf', 'kcm', 'kcr', 'kdh', 'khh', 'khp', 'klb', 'klc', 'klf', 'klh', 'klm', 'klp', 'kly', 'kmh', 'kml', 'kmy', 'knc', 'knh', 'knk', 'knm', 'knp', 'kny', 'ktm', 'ktr', 'kwd', 'kwl', 'kws', 'kyc', 'kyr', 'kys']",k999574,1036
117,"['pkh', 'pkh', 'prt', 'pth', 'ptk', 'ptr', 'pts', 'pud', 'prm', 'pal', 'pcr', 'pdg', 'pgl', 'phc', 'phd', 'phl', 'phr', 'phs', 'pin', 'plc', 'plh', 'plk', 'pls', 'ply', 'pnk', 'prc', 'prd', 'prg', 'prh', 'prk', 'prq', 'psk', 'psq', 'pvs', 'pwd', 'pyk']",p999363,1039
118,"['mt', 'mt', 'mr', 'mw', 'mq', 'mk', 'mm', 'md', 'mn', 'mc', 'mg', 'mh', 'ml', 'ms', 'my']",m131,1048
119,"['smb', 'smb', 'smf', 'smh', 'smn']",sm999,1064
120,"['tb', 'tb', 'tc', 'tf', 'tg', 'th', 'tk', 'tl', 'tm', 'tn', 'tp', 'tq', 'tr', 'ts', 'tt', 'tw', 'ty']",t123,1067
121,"['tm', 'tm', 'km', 'rm', 'sm', 'ym', 'am', 'cm', 'dm', 'em', 'gm', 'hm', 'im', 'lm', 'mm', 'nm', 'qm', 'um', 'wm']",999m,1070
122,"['mt', 'mt', 'mr', 'mw', 'mq', 'mk', 'mm', 'md', 'mn', 'mc', 'mg', 'mh', 'ml', 'ms', 'my']",m999,1074
123,"['tw', 'tw', 'kw', 'rw', 'pw', 'sw', 'aw', 'bw', 'cw', 'dw', 'ew', 'gw', 'hw', 'iw', 'lw', 'mw', 'nw', 'yw']",301w,1105
124,"['ytn', 'ytn']",yt321,1118
125,"['smn', 'smn', 'rmn', 'dmn', 'imn', 'amn', 'cmn', 'ymn']",188mn,1159
126,"['abc', 'abc', 'abd', 'abk', 'abl', 'abn', 'abw']",ab085,1273
127,"['atw', 'atw', 'abw', 'acw', 'adw', 'afw', 'amw', 'arw']",a301w,1274
128,"['at', 'at', 'ar', 'aw', 'aq', 'ak', 'am', 'ad', 'ap', 'an', 'ab', 'ac', 'af', 'ag', 'ah', 'al', 'as']",a651,1307
129,"['at', 'at', 'ar', 'aw', 'aq', 'ak', 'am', 'ad', 'ap', 'an', 'ab', 'ac', 'af', 'ag', 'ah', 'al', 'as', 'at', 'ar', 'aw', 'aq', 'ak', 'am', 'ad', 'ap', 'an', 'ab', 'ac', 'af', 'ag', 'ah', 'al', 'as']",a652,1308
130,"['abc', 'abc', 'abd', 'abk', 'abl', 'abn', 'abw']",ab164,1309
131,"['at', 'at', 'ar', 'aw', 'aq', 'ak', 'am', 'ad', 'ap', 'an', 'ab', 'ac', 'af', 'ag', 'ah', 'al', 'as']",a660,1313
132,"['at', 'at', 'ar', 'aw', 'aq', 'ak', 'am', 'ad', 'ap', 'an', 'ab', 'ac', 'af', 'ag', 'ah', 'al', 'as', 'at', 'ar', 'aw', 'aq', 'ak', 'am', 'ad', 'ap', 'an', 'ab', 'ac', 'af', 'ag', 'ah', 'al', 'as', 'at', 'ar', 'aw', 'aq', 'ak', 'am', 'ad', 'ap', 'an', 'ab', 'ac', 'af', 'ag', 'ah', 'al', 'as']",a658,1314
133,"['at', 'at', 'ar', 'aw', 'aq', 'ak', 'am', 'ad', 'ap', 'an', 'ab', 'ac', 'af', 'ag', 'ah', 'al', 'as']",a659,1315
134,"['at', 'at', 'ar', 'aw', 'aq', 'ak', 'am', 'ad', 'ap', 'an', 'ab', 'ac', 'af', 'ag', 'ah', 'al', 'as', 'at', 'ar', 'aw', 'aq', 'ak', 'am', 'ad', 'ap', 'an', 'ab', 'ac', 'af', 'ag', 'ah', 'al', 'as']",a655,1317
135,"['at', 'at', 'ar', 'aw', 'aq', 'ak', 'am', 'ad', 'ap', 'an', 'ab', 'ac', 'af', 'ag', 'ah', 'al', 'as']",a654,1319
136,"['at', 'at', 'ar', 'aw', 'aq', 'ak', 'am', 'ad', 'ap', 'an', 'ab', 'ac', 'af', 'ag', 'ah', 'al', 'as']",a662,1323
